hour_utc,workflow_runs
2023-06-30T03:00:00Z,1
2023-06-30T04:00:00Z,2
2023-06-30T06:00:00Z,4
2023-06-30T07:00:00Z,5
2023-06-30T12:00:00Z,2
2023-06-30T13:00:00Z,1
2023-06-30T15:00:00Z,1
2023-06-30T16:00:00Z,1
2023-06-30T17:00:00Z,29
2023-06-30T18:00:00Z,4
2023-06-30T19:00:00Z,1
2023-06-30T20:00:00Z,4
2023-06-30T21:00:00Z,1
2023-06-30T22:00:00Z,18
2023-06-30T23:00:00Z,17
2023-07-01T00:00:00Z,27
2023-07-01T01:00:00Z,31
2023-07-01T02:00:00Z,8
2023-07-01T03:00:00Z,5
2023-07-01T04:00:00Z,7
2023-07-01T05:00:00Z,2
2023-07-01T06:00:00Z,3
2023-07-01T07:00:00Z,10
2023-07-01T08:00:00Z,10
2023-07-01T09:00:00Z,2
2023-07-01T10:00:00Z,2
2023-07-01T11:00:00Z,6
2023-07-01T12:00:00Z,3
2023-07-01T13:00:00Z,2
2023-07-01T14:00:00Z,5
2023-07-01T15:00:00Z,1
2023-07-01T16:00:00Z,9
2023-07-01T17:00:00Z,3
2023-07-01T18:00:00Z,5
2023-07-01T19:00:00Z,2
2023-07-01T21:00:00Z,5
2023-07-02T00:00:00Z,4
2023-07-02T03:00:00Z,5
2023-07-02T04:00:00Z,1
2023-07-02T05:00:00Z,3
2023-07-02T06:00:00Z,2
2023-07-02T07:00:00Z,6
2023-07-02T08:00:00Z,1
2023-07-02T09:00:00Z,6
2023-07-02T10:00:00Z,6
2023-07-02T11:00:00Z,1
2023-07-02T12:00:00Z,11
2023-07-02T13:00:00Z,9
2023-07-02T14:00:00Z,8
2023-07-02T15:00:00Z,12
2023-07-02T16:00:00Z,7
2023-07-02T17:00:00Z,3
2023-07-02T18:00:00Z,9
2023-07-02T19:00:00Z,3
2023-07-02T20:00:00Z,7
2023-07-02T21:00:00Z,3
2023-07-02T22:00:00Z,14
2023-07-03T00:00:00Z,3
2023-07-03T01:00:00Z,5
2023-07-03T02:00:00Z,5
2023-07-03T03:00:00Z,3
2023-07-03T04:00:00Z,11
2023-07-03T05:00:00Z,4
2023-07-03T06:00:00Z,6
2023-07-03T07:00:00Z,14
2023-07-03T08:00:00Z,10
2023-07-03T09:00:00Z,5
2023-07-03T10:00:00Z,7
2023-07-03T11:00:00Z,13
2023-07-03T12:00:00Z,8
2023-07-03T13:00:00Z,10
2023-07-03T14:00:00Z,12
2023-07-03T15:00:00Z,16
2023-07-03T16:00:00Z,15
2023-07-03T17:00:00Z,18
2023-07-03T18:00:00Z,16
2023-07-03T19:00:00Z,12
2023-07-03T20:00:00Z,8
2023-07-03T21:00:00Z,10
2023-07-03T22:00:00Z,6
2023-07-03T23:00:00Z,12
2023-07-04T00:00:00Z,5
2023-07-04T01:00:00Z,24
2023-07-04T02:00:00Z,9
2023-07-04T03:00:00Z,7
2023-07-04T04:00:00Z,6
2023-07-04T05:00:00Z,14
2023-07-04T06:00:00Z,20
2023-07-04T07:00:00Z,12
2023-07-04T08:00:00Z,16
2023-07-04T09:00:00Z,12
2023-07-04T10:00:00Z,17
2023-07-04T11:00:00Z,13
2023-07-04T12:00:00Z,26
2023-07-04T13:00:00Z,9
2023-07-04T14:00:00Z,22
2023-07-04T15:00:00Z,21
2023-07-04T16:00:00Z,12
2023-07-04T17:00:00Z,18
2023-07-04T18:00:00Z,7
2023-07-04T19:00:00Z,4
2023-07-04T20:00:00Z,7
2023-07-04T21:00:00Z,9
2023-07-04T22:00:00Z,4
2023-07-04T23:00:00Z,5
2023-07-05T00:00:00Z,15
2023-07-05T01:00:00Z,3
2023-07-05T02:00:00Z,4
2023-07-05T03:00:00Z,9
2023-07-05T04:00:00Z,4
2023-07-05T05:00:00Z,12
2023-07-05T06:00:00Z,13
2023-07-05T07:00:00Z,9
2023-07-05T08:00:00Z,19
2023-07-05T09:00:00Z,16
2023-07-05T10:00:00Z,15
2023-07-05T11:00:00Z,18
2023-07-05T12:00:00Z,25
2023-07-05T13:00:00Z,20
2023-07-05T14:00:00Z,29
2023-07-05T15:00:00Z,25
2023-07-05T16:00:00Z,42
2023-07-05T17:00:00Z,30
2023-07-05T18:00:00Z,30
2023-07-05T19:00:00Z,23
2023-07-05T20:00:00Z,12
2023-07-05T21:00:00Z,31
2023-07-05T22:00:00Z,31
2023-07-05T23:00:00Z,8
2023-07-06T00:00:00Z,18
2023-07-06T01:00:00Z,5
2023-07-06T02:00:00Z,19
2023-07-06T03:00:00Z,13
2023-07-06T04:00:00Z,11
2023-07-06T05:00:00Z,17
2023-07-06T06:00:00Z,17
2023-07-06T07:00:00Z,31
2023-07-06T08:00:00Z,14
2023-07-06T09:00:00Z,22
2023-07-06T10:00:00Z,23
2023-07-06T11:00:00Z,16
2023-07-06T12:00:00Z,21
2023-07-06T13:00:00Z,8
2023-07-06T14:00:00Z,26
2023-07-06T15:00:00Z,44
2023-07-06T16:00:00Z,47
2023-07-06T17:00:00Z,29
2023-07-06T18:00:00Z,41
2023-07-06T19:00:00Z,15
2023-07-06T20:00:00Z,34
2023-07-06T21:00:00Z,50
2023-07-06T22:00:00Z,26
2023-07-06T23:00:00Z,18
2023-07-07T00:00:00Z,32
2023-07-07T01:00:00Z,23
2023-07-07T02:00:00Z,22
2023-07-07T03:00:00Z,18
2023-07-07T04:00:00Z,15
2023-07-07T05:00:00Z,26
2023-07-07T06:00:00Z,15
2023-07-07T07:00:00Z,11
2023-07-07T08:00:00Z,18
2023-07-07T09:00:00Z,8
2023-07-07T10:00:00Z,31
2023-07-07T11:00:00Z,58
2023-07-07T12:00:00Z,29
2023-07-07T13:00:00Z,36
2023-07-07T14:00:00Z,50
2023-07-07T15:00:00Z,24
2023-07-07T16:00:00Z,22
2023-07-07T17:00:00Z,51
2023-07-07T18:00:00Z,22
2023-07-07T19:00:00Z,27
2023-07-07T20:00:00Z,16
2023-07-07T21:00:00Z,33
2023-07-07T22:00:00Z,24
2023-07-07T23:00:00Z,29
2023-07-08T00:00:00Z,24
2023-07-08T02:00:00Z,9
2023-07-08T03:00:00Z,5
2023-07-08T04:00:00Z,9
2023-07-08T05:00:00Z,12
2023-07-08T06:00:00Z,9
2023-07-08T07:00:00Z,23
2023-07-08T08:00:00Z,16
2023-07-08T09:00:00Z,16
2023-07-08T10:00:00Z,16
2023-07-08T11:00:00Z,5
2023-07-08T12:00:00Z,16
2023-07-08T13:00:00Z,7
2023-07-08T14:00:00Z,14
2023-07-08T15:00:00Z,25
2023-07-08T16:00:00Z,14
2023-07-08T17:00:00Z,27
2023-07-08T18:00:00Z,9
2023-07-08T19:00:00Z,13
2023-07-08T20:00:00Z,13
2023-07-08T21:00:00Z,16
2023-07-08T22:00:00Z,11
2023-07-08T23:00:00Z,43
2023-07-09T00:00:00Z,29
2023-07-09T01:00:00Z,29
2023-07-09T02:00:00Z,50
2023-07-09T03:00:00Z,12
2023-07-09T04:00:00Z,11
2023-07-09T05:00:00Z,30
2023-07-09T06:00:00Z,21
2023-07-09T07:00:00Z,9
2023-07-09T08:00:00Z,22
2023-07-09T09:00:00Z,12
2023-07-09T10:00:00Z,31
2023-07-09T11:00:00Z,9
2023-07-09T12:00:00Z,31
2023-07-09T13:00:00Z,30
2023-07-09T14:00:00Z,23
2023-07-09T15:00:00Z,23
2023-07-09T16:00:00Z,11
2023-07-09T17:00:00Z,24
2023-07-09T18:00:00Z,22
2023-07-09T19:00:00Z,27
2023-07-09T20:00:00Z,19
2023-07-09T21:00:00Z,13
2023-07-09T22:00:00Z,32
2023-07-09T23:00:00Z,11
2023-07-10T00:00:00Z,23
2023-07-10T01:00:00Z,11
2023-07-10T02:00:00Z,21
2023-07-10T03:00:00Z,20
2023-07-10T04:00:00Z,16
2023-07-10T05:00:00Z,19
2023-07-10T06:00:00Z,39
2023-07-10T07:00:00Z,16
2023-07-10T08:00:00Z,43
2023-07-10T09:00:00Z,47
2023-07-10T10:00:00Z,35
2023-07-10T11:00:00Z,24
2023-07-10T12:00:00Z,24
2023-07-10T13:00:00Z,27
2023-07-10T14:00:00Z,25
2023-07-10T15:00:00Z,58
2023-07-10T16:00:00Z,91
2023-07-10T17:00:00Z,24
2023-07-10T18:00:00Z,39
2023-07-10T19:00:00Z,36
2023-07-10T20:00:00Z,44
2023-07-10T21:00:00Z,16
2023-07-10T22:00:00Z,19
2023-07-10T23:00:00Z,43
2023-07-11T00:00:00Z,37
2023-07-11T01:00:00Z,36
2023-07-11T02:00:00Z,30
2023-07-11T03:00:00Z,25
2023-07-11T04:00:00Z,17
2023-07-11T05:00:00Z,18
2023-07-11T06:00:00Z,21
2023-07-11T07:00:00Z,28
2023-07-11T08:00:00Z,40
2023-07-11T09:00:00Z,36
2023-07-11T10:00:00Z,43
2023-07-11T11:00:00Z,46
2023-07-11T12:00:00Z,29
2023-07-11T13:00:00Z,34
2023-07-11T14:00:00Z,37
2023-07-11T15:00:00Z,36
2023-07-11T16:00:00Z,38
2023-07-11T17:00:00Z,51
2023-07-11T18:00:00Z,35
2023-07-11T19:00:00Z,30
2023-07-11T20:00:00Z,36
2023-07-11T21:00:00Z,38
2023-07-11T22:00:00Z,74
2023-07-11T23:00:00Z,28
2023-07-12T00:00:00Z,63
2023-07-12T01:00:00Z,34
2023-07-12T02:00:00Z,20
2023-07-12T03:00:00Z,21
2023-07-12T04:00:00Z,13
2023-07-12T05:00:00Z,18
2023-07-12T06:00:00Z,28
2023-07-12T07:00:00Z,53
2023-07-12T08:00:00Z,49
2023-07-12T09:00:00Z,46
2023-07-12T10:00:00Z,29
2023-07-12T11:00:00Z,46
2023-07-12T12:00:00Z,39
2023-07-12T13:00:00Z,24
2023-07-12T14:00:00Z,24
2023-07-12T15:00:00Z,28
2023-07-12T16:00:00Z,37
2023-07-12T17:00:00Z,18
2023-07-12T18:00:00Z,83
2023-07-12T19:00:00Z,48
2023-07-12T20:00:00Z,42
2023-07-12T21:00:00Z,22
2023-07-12T22:00:00Z,25
2023-07-12T23:00:00Z,18
2023-07-13T00:00:00Z,37
2023-07-13T01:00:00Z,28
2023-07-13T02:00:00Z,14
2023-07-13T03:00:00Z,40
2023-07-13T04:00:00Z,15
2023-07-13T05:00:00Z,15
2023-07-13T06:00:00Z,21
2023-07-13T07:00:00Z,20
2023-07-13T08:00:00Z,24
2023-07-13T09:00:00Z,26
2023-07-13T10:00:00Z,24
2023-07-13T11:00:00Z,35
2023-07-13T12:00:00Z,45
2023-07-13T13:00:00Z,57
2023-07-13T14:00:00Z,61
2023-07-13T15:00:00Z,66
2023-07-13T16:00:00Z,47
2023-07-13T17:00:00Z,42
2023-07-13T18:00:00Z,42
2023-07-13T19:00:00Z,33
2023-07-13T20:00:00Z,39
2023-07-13T21:00:00Z,44
2023-07-13T22:00:00Z,33
2023-07-13T23:00:00Z,16
2023-07-14T00:00:00Z,20
2023-07-14T01:00:00Z,23
2023-07-14T02:00:00Z,24
2023-07-14T03:00:00Z,16
2023-07-14T04:00:00Z,14
2023-07-14T05:00:00Z,31
2023-07-14T06:00:00Z,34
2023-07-14T07:00:00Z,33
2023-07-14T08:00:00Z,19
2023-07-14T09:00:00Z,57
2023-07-14T10:00:00Z,35
2023-07-14T11:00:00Z,32
2023-07-14T12:00:00Z,53
2023-07-14T13:00:00Z,46
2023-07-14T14:00:00Z,39
2023-07-14T15:00:00Z,64
2023-07-14T16:00:00Z,37
2023-07-14T17:00:00Z,65
2023-07-14T18:00:00Z,42
2023-07-14T19:00:00Z,22
2023-07-14T20:00:00Z,45
2023-07-14T21:00:00Z,45
2023-07-14T22:00:00Z,44
2023-07-14T23:00:00Z,25
2023-07-15T00:00:00Z,52
2023-07-15T01:00:00Z,13
2023-07-15T02:00:00Z,13
2023-07-15T03:00:00Z,18
2023-07-15T04:00:00Z,28
2023-07-15T05:00:00Z,15
2023-07-15T06:00:00Z,29
2023-07-15T07:00:00Z,12
2023-07-15T08:00:00Z,29
2023-07-15T09:00:00Z,16
2023-07-15T10:00:00Z,16
2023-07-15T11:00:00Z,26
2023-07-15T12:00:00Z,11
2023-07-15T13:00:00Z,31
2023-07-15T14:00:00Z,24
2023-07-15T15:00:00Z,41
2023-07-15T16:00:00Z,13
2023-07-15T17:00:00Z,9
2023-07-15T18:00:00Z,7
2023-07-15T19:00:00Z,39
2023-07-15T20:00:00Z,18
2023-07-15T21:00:00Z,11
2023-07-15T22:00:00Z,20
2023-07-15T23:00:00Z,19
2023-07-16T00:00:00Z,22
2023-07-16T01:00:00Z,18
2023-07-16T02:00:00Z,40
2023-07-16T03:00:00Z,25
2023-07-16T04:00:00Z,12
2023-07-16T05:00:00Z,5
2023-07-16T06:00:00Z,14
2023-07-16T07:00:00Z,13
2023-07-16T08:00:00Z,28
2023-07-16T09:00:00Z,14
2023-07-16T10:00:00Z,25
2023-07-16T11:00:00Z,32
2023-07-16T12:00:00Z,23
2023-07-16T13:00:00Z,25
2023-07-16T14:00:00Z,17
2023-07-16T15:00:00Z,32
2023-07-16T16:00:00Z,21
2023-07-16T17:00:00Z,40
2023-07-16T18:00:00Z,46
2023-07-16T19:00:00Z,19
2023-07-16T20:00:00Z,28
2023-07-16T21:00:00Z,27
2023-07-16T22:00:00Z,12
2023-07-16T23:00:00Z,14
2023-07-17T00:00:00Z,39
2023-07-17T01:00:00Z,20
2023-07-17T02:00:00Z,26
2023-07-17T03:00:00Z,27
2023-07-17T04:00:00Z,8
2023-07-17T05:00:00Z,32
2023-07-17T06:00:00Z,33
2023-07-17T07:00:00Z,35
2023-07-17T08:00:00Z,42
2023-07-17T09:00:00Z,49
2023-07-17T10:00:00Z,58
2023-07-17T11:00:00Z,67
2023-07-17T12:00:00Z,77
2023-07-17T13:00:00Z,70
2023-07-17T14:00:00Z,82
2023-07-17T15:00:00Z,80
2023-07-17T16:00:00Z,88
2023-07-17T17:00:00Z,57
2023-07-17T18:00:00Z,62
2023-07-17T19:00:00Z,56
2023-07-17T20:00:00Z,180
2023-07-17T21:00:00Z,47
2023-07-17T22:00:00Z,60
2023-07-17T23:00:00Z,24
2023-07-18T00:00:00Z,55
2023-07-18T01:00:00Z,17
2023-07-18T02:00:00Z,59
2023-07-18T03:00:00Z,19
2023-07-18T04:00:00Z,30
2023-07-18T05:00:00Z,158
2023-07-18T06:00:00Z,32
2023-07-18T07:00:00Z,50
2023-07-18T08:00:00Z,39
2023-07-18T09:00:00Z,32
2023-07-18T10:00:00Z,43
2023-07-18T11:00:00Z,53
2023-07-18T12:00:00Z,52
2023-07-18T13:00:00Z,57
2023-07-18T14:00:00Z,87
2023-07-18T15:00:00Z,73
2023-07-18T16:00:00Z,81
2023-07-18T17:00:00Z,76
2023-07-18T18:00:00Z,57
2023-07-18T19:00:00Z,67
2023-07-18T20:00:00Z,100
2023-07-18T21:00:00Z,100
2023-07-18T22:00:00Z,82
2023-07-18T23:00:00Z,65
2023-07-19T00:00:00Z,61
2023-07-19T01:00:00Z,47
2023-07-19T02:00:00Z,79
2023-07-19T03:00:00Z,84
2023-07-19T04:00:00Z,39
2023-07-19T05:00:00Z,54
2023-07-19T06:00:00Z,120
2023-07-19T07:00:00Z,65
2023-07-19T08:00:00Z,130
2023-07-19T09:00:00Z,63
2023-07-19T10:00:00Z,78
2023-07-19T11:00:00Z,78
2023-07-19T12:00:00Z,80
2023-07-19T13:00:00Z,87
2023-07-19T14:00:00Z,104
2023-07-19T15:00:00Z,122
2023-07-19T16:00:00Z,92
2023-07-19T17:00:00Z,64
2023-07-19T18:00:00Z,399
2023-07-19T19:00:00Z,76
2023-07-19T20:00:00Z,165
2023-07-19T21:00:00Z,100
2023-07-19T22:00:00Z,83
2023-07-19T23:00:00Z,63
2023-07-20T00:00:00Z,111
2023-07-20T01:00:00Z,67
2023-07-20T02:00:00Z,75
2023-07-20T03:00:00Z,60
2023-07-20T04:00:00Z,59
2023-07-20T05:00:00Z,46
2023-07-20T06:00:00Z,133
2023-07-20T07:00:00Z,81
2023-07-20T08:00:00Z,119
2023-07-20T09:00:00Z,96
2023-07-20T10:00:00Z,79
2023-07-20T11:00:00Z,111
2023-07-20T12:00:00Z,99
2023-07-20T13:00:00Z,122
2023-07-20T14:00:00Z,198
2023-07-20T15:00:00Z,109
2023-07-20T16:00:00Z,200
2023-07-20T17:00:00Z,148
2023-07-20T18:00:00Z,453
2023-07-20T19:00:00Z,52
2023-07-20T20:00:00Z,73
2023-07-20T21:00:00Z,38
2023-07-20T22:00:00Z,27
2023-07-20T23:00:00Z,31
2023-07-21T00:00:00Z,31
2023-07-21T01:00:00Z,8
2023-07-21T02:00:00Z,28
2023-07-21T03:00:00Z,23
2023-07-21T04:00:00Z,33
2023-07-21T05:00:00Z,35
2023-07-21T06:00:00Z,23
2023-07-21T07:00:00Z,46
2023-07-21T08:00:00Z,33
2023-07-21T09:00:00Z,50
2023-07-21T10:00:00Z,28
2023-07-21T11:00:00Z,63
2023-07-21T12:00:00Z,59
2023-07-21T13:00:00Z,47
2023-07-21T14:00:00Z,58
2023-07-21T15:00:00Z,52
2023-07-21T16:00:00Z,22
2023-07-21T17:00:00Z,51
2023-07-21T18:00:00Z,47
2023-07-21T19:00:00Z,43
2023-07-21T20:00:00Z,49
2023-07-21T21:00:00Z,37
2023-07-21T22:00:00Z,33
2023-07-21T23:00:00Z,35
2023-07-22T00:00:00Z,31
2023-07-22T01:00:00Z,27
2023-07-22T02:00:00Z,12
2023-07-22T03:00:00Z,14
2023-07-22T04:00:00Z,6
2023-07-22T05:00:00Z,19
2023-07-22T06:00:00Z,10
2023-07-22T07:00:00Z,9
2023-07-22T08:00:00Z,19
2023-07-22T09:00:00Z,12
2023-07-22T10:00:00Z,33
2023-07-22T11:00:00Z,17
2023-07-22T12:00:00Z,25
2023-07-22T13:00:00Z,55
2023-07-22T14:00:00Z,18
2023-07-22T15:00:00Z,28
2023-07-22T16:00:00Z,33
2023-07-22T17:00:00Z,18
2023-07-22T18:00:00Z,27
2023-07-22T19:00:00Z,29
2023-07-22T20:00:00Z,37
2023-07-22T21:00:00Z,32
2023-07-22T22:00:00Z,12
2023-07-22T23:00:00Z,23
2023-07-23T00:00:00Z,25
2023-07-23T01:00:00Z,22
2023-07-23T02:00:00Z,31
2023-07-23T03:00:00Z,31
2023-07-23T04:00:00Z,8
2023-07-23T05:00:00Z,21
2023-07-23T06:00:00Z,7
2023-07-23T07:00:00Z,58
2023-07-23T08:00:00Z,37
2023-07-23T09:00:00Z,33
2023-07-23T10:00:00Z,35
2023-07-23T11:00:00Z,28
2023-07-23T12:00:00Z,15
2023-07-23T13:00:00Z,30
2023-07-23T14:00:00Z,19
2023-07-23T15:00:00Z,34
2023-07-23T16:00:00Z,23
2023-07-23T17:00:00Z,44
2023-07-23T18:00:00Z,21
2023-07-23T19:00:00Z,43
2023-07-23T20:00:00Z,34
2023-07-23T21:00:00Z,25
2023-07-23T22:00:00Z,32
2023-07-23T23:00:00Z,32
2023-07-24T00:00:00Z,49
2023-07-24T01:00:00Z,21
2023-07-24T02:00:00Z,51
2023-07-24T03:00:00Z,26
2023-07-24T04:00:00Z,26
2023-07-24T05:00:00Z,28
2023-07-24T06:00:00Z,60
2023-07-24T07:00:00Z,31
2023-07-24T08:00:00Z,56
2023-07-24T09:00:00Z,97
2023-07-24T10:00:00Z,43
2023-07-24T11:00:00Z,64
2023-07-24T12:00:00Z,48
2023-07-24T13:00:00Z,78
2023-07-24T14:00:00Z,90
2023-07-24T15:00:00Z,122
2023-07-24T16:00:00Z,85
2023-07-24T17:00:00Z,39
2023-07-24T18:00:00Z,56
2023-07-24T19:00:00Z,64
2023-07-24T20:00:00Z,39
2023-07-24T21:00:00Z,55
2023-07-24T22:00:00Z,33
2023-07-24T23:00:00Z,42
2023-07-25T00:00:00Z,44
2023-07-25T01:00:00Z,37
2023-07-25T02:00:00Z,29
2023-07-25T03:00:00Z,31
2023-07-25T04:00:00Z,12
2023-07-25T05:00:00Z,21
2023-07-25T06:00:00Z,55
2023-07-25T07:00:00Z,54
2023-07-25T08:00:00Z,35
2023-07-25T09:00:00Z,76
2023-07-25T10:00:00Z,29
2023-07-25T11:00:00Z,75
2023-07-25T12:00:00Z,67
2023-07-25T13:00:00Z,73
2023-07-25T14:00:00Z,79
2023-07-25T15:00:00Z,83
2023-07-25T16:00:00Z,68
2023-07-25T17:00:00Z,51
2023-07-25T18:00:00Z,59
2023-07-25T19:00:00Z,44
2023-07-25T20:00:00Z,120
2023-07-25T21:00:00Z,74
2023-07-25T22:00:00Z,74
2023-07-25T23:00:00Z,94
2023-07-26T00:00:00Z,36
2023-07-26T01:00:00Z,56
2023-07-26T02:00:00Z,34
2023-07-26T03:00:00Z,21
2023-07-26T04:00:00Z,31
2023-07-26T05:00:00Z,46
2023-07-26T06:00:00Z,41
2023-07-26T07:00:00Z,41
2023-07-26T08:00:00Z,71
2023-07-26T09:00:00Z,51
2023-07-26T10:00:00Z,66
2023-07-26T11:00:00Z,65
2023-07-26T12:00:00Z,74
2023-07-26T13:00:00Z,62
2023-07-26T14:00:00Z,92
2023-07-26T15:00:00Z,115
2023-07-26T16:00:00Z,67
2023-07-26T17:00:00Z,64
2023-07-26T18:00:00Z,44
2023-07-26T19:00:00Z,60
2023-07-26T20:00:00Z,65
2023-07-26T21:00:00Z,46
2023-07-26T22:00:00Z,34
2023-07-26T23:00:00Z,31
2023-07-27T00:00:00Z,36
2023-07-27T01:00:00Z,40
2023-07-27T02:00:00Z,46
2023-07-27T03:00:00Z,18
2023-07-27T04:00:00Z,10
2023-07-27T05:00:00Z,21
2023-07-27T06:00:00Z,39
2023-07-27T07:00:00Z,56
2023-07-27T08:00:00Z,67
2023-07-27T09:00:00Z,64
2023-07-27T10:00:00Z,49
2023-07-27T11:00:00Z,81
2023-07-27T12:00:00Z,63
2023-07-27T13:00:00Z,58
2023-07-27T14:00:00Z,62
2023-07-27T15:00:00Z,83
2023-07-27T16:00:00Z,78
2023-07-27T17:00:00Z,67
2023-07-27T18:00:00Z,57
2023-07-27T19:00:00Z,34
2023-07-27T20:00:00Z,59
2023-07-27T21:00:00Z,38
2023-07-27T22:00:00Z,33
2023-07-27T23:00:00Z,53
2023-07-28T00:00:00Z,55
2023-07-28T01:00:00Z,29
2023-07-28T02:00:00Z,45
2023-07-28T03:00:00Z,66
2023-07-28T04:00:00Z,12
2023-07-28T05:00:00Z,24
2023-07-28T06:00:00Z,28
2023-07-28T07:00:00Z,45
2023-07-28T08:00:00Z,43
2023-07-28T09:00:00Z,63
2023-07-28T10:00:00Z,30
2023-07-28T11:00:00Z,31
2023-07-28T12:00:00Z,53
2023-07-28T13:00:00Z,62
2023-07-28T14:00:00Z,54
2023-07-28T15:00:00Z,82
2023-07-28T16:00:00Z,77
2023-07-28T17:00:00Z,55
2023-07-28T18:00:00Z,60
2023-07-28T19:00:00Z,50
2023-07-28T20:00:00Z,51
2023-07-28T21:00:00Z,34
2023-07-28T22:00:00Z,56
2023-07-28T23:00:00Z,47
2023-07-29T00:00:00Z,37
2023-07-29T01:00:00Z,31
2023-07-29T02:00:00Z,28
2023-07-29T03:00:00Z,22
2023-07-29T04:00:00Z,22
2023-07-29T05:00:00Z,40
2023-07-29T06:00:00Z,25
2023-07-29T07:00:00Z,23
2023-07-29T08:00:00Z,64
2023-07-29T09:00:00Z,25
2023-07-29T10:00:00Z,26
2023-07-29T11:00:00Z,13
2023-07-29T12:00:00Z,11
2023-07-29T13:00:00Z,29
2023-07-29T14:00:00Z,90
2023-07-29T15:00:00Z,19
2023-07-29T16:00:00Z,47
2023-07-29T17:00:00Z,39
2023-07-29T18:00:00Z,20
2023-07-29T19:00:00Z,22
2023-07-29T20:00:00Z,17
2023-07-29T21:00:00Z,35
2023-07-29T22:00:00Z,23
2023-07-29T23:00:00Z,18
2023-07-30T00:00:00Z,31
2023-07-30T01:00:00Z,25
2023-07-30T02:00:00Z,36
2023-07-30T03:00:00Z,19
2023-07-30T04:00:00Z,11
2023-07-30T05:00:00Z,34
2023-07-30T06:00:00Z,15
2023-07-30T07:00:00Z,22
2023-07-30T08:00:00Z,13
2023-07-30T09:00:00Z,20
2023-07-30T10:00:00Z,45
2023-07-30T11:00:00Z,30
2023-07-30T12:00:00Z,26
2023-07-30T13:00:00Z,25
2023-07-30T14:00:00Z,41
2023-07-30T15:00:00Z,42
2023-07-30T16:00:00Z,42
2023-07-30T17:00:00Z,30
2023-07-30T18:00:00Z,125
2023-07-30T19:00:00Z,15
2023-07-30T20:00:00Z,24
2023-07-30T21:00:00Z,19
2023-07-30T22:00:00Z,12
2023-07-30T23:00:00Z,25
2023-07-31T00:00:00Z,31
2023-07-31T01:00:00Z,22
2023-07-31T02:00:00Z,41
2023-07-31T03:00:00Z,47
2023-07-31T04:00:00Z,18
2023-07-31T05:00:00Z,35
2023-07-31T06:00:00Z,64
2023-07-31T07:00:00Z,78
2023-07-31T08:00:00Z,68
2023-07-31T09:00:00Z,69
2023-07-31T10:00:00Z,51
2023-07-31T11:00:00Z,61
2023-07-31T12:00:00Z,85
2023-07-31T13:00:00Z,80
2023-07-31T14:00:00Z,88
2023-07-31T15:00:00Z,76
2023-07-31T16:00:00Z,88
2023-07-31T17:00:00Z,58
2023-07-31T18:00:00Z,56
2023-07-31T19:00:00Z,75
2023-07-31T20:00:00Z,54
2023-07-31T21:00:00Z,39
2023-07-31T22:00:00Z,35
2023-07-31T23:00:00Z,44
2023-08-01T00:00:00Z,203
2023-08-01T01:00:00Z,115
2023-08-01T02:00:00Z,74
2023-08-01T03:00:00Z,51
2023-08-01T04:00:00Z,25
2023-08-01T05:00:00Z,43
2023-08-01T06:00:00Z,50
2023-08-01T07:00:00Z,57
2023-08-01T08:00:00Z,68
2023-08-01T09:00:00Z,89
2023-08-01T10:00:00Z,78
2023-08-01T11:00:00Z,52
2023-08-01T12:00:00Z,122
2023-08-01T13:00:00Z,66
2023-08-01T14:00:00Z,107
2023-08-01T15:00:00Z,124
2023-08-01T16:00:00Z,86
2023-08-01T17:00:00Z,88
2023-08-01T18:00:00Z,57
2023-08-01T19:00:00Z,53
2023-08-01T20:00:00Z,65
2023-08-01T21:00:00Z,69
2023-08-01T22:00:00Z,51
2023-08-01T23:00:00Z,71
2023-08-02T00:00:00Z,59
2023-08-02T01:00:00Z,43
2023-08-02T02:00:00Z,42
2023-08-02T03:00:00Z,48
2023-08-02T04:00:00Z,34
2023-08-02T05:00:00Z,33
2023-08-02T06:00:00Z,33
2023-08-02T07:00:00Z,43
2023-08-02T08:00:00Z,45
2023-08-02T09:00:00Z,71
2023-08-02T10:00:00Z,42
2023-08-02T11:00:00Z,35
2023-08-02T12:00:00Z,52
2023-08-02T13:00:00Z,65
2023-08-02T14:00:00Z,80
2023-08-02T15:00:00Z,75
2023-08-02T16:00:00Z,55
2023-08-02T17:00:00Z,53
2023-08-02T18:00:00Z,54
2023-08-02T19:00:00Z,47
2023-08-02T20:00:00Z,71
2023-08-02T21:00:00Z,66
2023-08-02T22:00:00Z,33
2023-08-02T23:00:00Z,59
2023-08-03T00:00:00Z,38
2023-08-03T01:00:00Z,22
2023-08-03T02:00:00Z,19
2023-08-03T03:00:00Z,25
2023-08-03T04:00:00Z,34
2023-08-03T05:00:00Z,17
2023-08-03T06:00:00Z,87
2023-08-03T07:00:00Z,48
2023-08-03T08:00:00Z,71
2023-08-03T09:00:00Z,190
2023-08-03T10:00:00Z,61
2023-08-03T11:00:00Z,51
2023-08-03T12:00:00Z,77
2023-08-03T13:00:00Z,76
2023-08-03T14:00:00Z,164
2023-08-03T15:00:00Z,103
2023-08-03T16:00:00Z,65
2023-08-03T17:00:00Z,67
2023-08-03T18:00:00Z,62
2023-08-03T19:00:00Z,70
2023-08-03T20:00:00Z,120
2023-08-03T21:00:00Z,68
2023-08-03T22:00:00Z,36
2023-08-03T23:00:00Z,33
2023-08-04T00:00:00Z,34
2023-08-04T01:00:00Z,20
2023-08-04T02:00:00Z,40
2023-08-04T03:00:00Z,33
2023-08-04T04:00:00Z,12
2023-08-04T05:00:00Z,20
2023-08-04T06:00:00Z,27
2023-08-04T07:00:00Z,36
2023-08-04T08:00:00Z,63
2023-08-04T09:00:00Z,64
2023-08-04T10:00:00Z,44
2023-08-04T11:00:00Z,49
2023-08-04T12:00:00Z,84
2023-08-04T13:00:00Z,58
2023-08-04T14:00:00Z,149
2023-08-04T15:00:00Z,86
2023-08-04T16:00:00Z,66
2023-08-04T17:00:00Z,82
2023-08-04T18:00:00Z,88
2023-08-04T19:00:00Z,68
2023-08-04T20:00:00Z,38
2023-08-04T21:00:00Z,56
2023-08-04T22:00:00Z,57
2023-08-04T23:00:00Z,16
2023-08-05T00:00:00Z,35
2023-08-05T01:00:00Z,26
2023-08-05T02:00:00Z,18
2023-08-05T03:00:00Z,13
2023-08-05T04:00:00Z,27
2023-08-05T05:00:00Z,13
2023-08-05T06:00:00Z,23
2023-08-05T07:00:00Z,21
2023-08-05T08:00:00Z,11
2023-08-05T09:00:00Z,13
2023-08-05T10:00:00Z,27
2023-08-05T11:00:00Z,19
2023-08-05T12:00:00Z,17
2023-08-05T13:00:00Z,30
2023-08-05T14:00:00Z,18
2023-08-05T15:00:00Z,34
2023-08-05T16:00:00Z,42
2023-08-05T17:00:00Z,20
2023-08-05T18:00:00Z,27
2023-08-05T19:00:00Z,42
2023-08-05T20:00:00Z,51
2023-08-05T21:00:00Z,10
2023-08-05T22:00:00Z,33
2023-08-05T23:00:00Z,31
2023-08-06T00:00:00Z,24
2023-08-06T01:00:00Z,18
2023-08-06T02:00:00Z,48
2023-08-06T03:00:00Z,33
2023-08-06T04:00:00Z,14
2023-08-06T05:00:00Z,16
2023-08-06T06:00:00Z,10
2023-08-06T07:00:00Z,18
2023-08-06T08:00:00Z,20
2023-08-06T09:00:00Z,15
2023-08-06T10:00:00Z,20
2023-08-06T11:00:00Z,43
2023-08-06T12:00:00Z,39
2023-08-06T13:00:00Z,16
2023-08-06T14:00:00Z,47
2023-08-06T15:00:00Z,32
2023-08-06T16:00:00Z,22
2023-08-06T17:00:00Z,19
2023-08-06T18:00:00Z,19
2023-08-06T19:00:00Z,34
2023-08-06T20:00:00Z,38
2023-08-06T21:00:00Z,25
2023-08-06T22:00:00Z,9
2023-08-06T23:00:00Z,23
2023-08-07T00:00:00Z,29
2023-08-07T01:00:00Z,34
2023-08-07T02:00:00Z,54
2023-08-07T03:00:00Z,24
2023-08-07T04:00:00Z,44
2023-08-07T05:00:00Z,41
2023-08-07T06:00:00Z,87
2023-08-07T07:00:00Z,91
2023-08-07T08:00:00Z,58
2023-08-07T09:00:00Z,43
2023-08-07T10:00:00Z,49
2023-08-07T11:00:00Z,55
2023-08-07T12:00:00Z,70
2023-08-07T13:00:00Z,60
2023-08-07T14:00:00Z,73
2023-08-07T15:00:00Z,81
2023-08-07T16:00:00Z,54
2023-08-07T17:00:00Z,49
2023-08-07T18:00:00Z,64
2023-08-07T19:00:00Z,62
2023-08-07T20:00:00Z,66
2023-08-07T21:00:00Z,50
2023-08-07T22:00:00Z,32
2023-08-07T23:00:00Z,45
2023-08-08T00:00:00Z,38
2023-08-08T01:00:00Z,26
2023-08-08T02:00:00Z,43
2023-08-08T03:00:00Z,28
2023-08-08T04:00:00Z,26
2023-08-08T05:00:00Z,31
2023-08-08T06:00:00Z,57
2023-08-08T07:00:00Z,60
2023-08-08T08:00:00Z,66
2023-08-08T09:00:00Z,51
2023-08-08T10:00:00Z,30
2023-08-08T11:00:00Z,40
2023-08-08T12:00:00Z,71
2023-08-08T13:00:00Z,62
2023-08-08T14:00:00Z,95
2023-08-08T15:00:00Z,124
2023-08-08T16:00:00Z,113
2023-08-08T17:00:00Z,123
2023-08-08T18:00:00Z,76
2023-08-08T19:00:00Z,73
2023-08-08T20:00:00Z,57
2023-08-08T21:00:00Z,53
2023-08-08T22:00:00Z,31
2023-08-08T23:00:00Z,32
2023-08-09T00:00:00Z,54
2023-08-09T01:00:00Z,48
2023-08-09T02:00:00Z,36
2023-08-09T03:00:00Z,40
2023-08-09T04:00:00Z,24
2023-08-09T05:00:00Z,177
2023-08-09T06:00:00Z,171
2023-08-09T07:00:00Z,158
2023-08-09T08:00:00Z,139
2023-08-09T09:00:00Z,94
2023-08-09T10:00:00Z,44
2023-08-09T11:00:00Z,49
2023-08-09T12:00:00Z,70
2023-08-09T13:00:00Z,101
2023-08-09T14:00:00Z,95
2023-08-09T15:00:00Z,85
2023-08-09T16:00:00Z,70
2023-08-09T17:00:00Z,95
2023-08-09T18:00:00Z,56
2023-08-09T19:00:00Z,44
2023-08-09T20:00:00Z,56
2023-08-09T21:00:00Z,79
2023-08-09T22:00:00Z,116
2023-08-09T23:00:00Z,41
2023-08-10T00:00:00Z,47
2023-08-10T01:00:00Z,27
2023-08-10T02:00:00Z,31
2023-08-10T03:00:00Z,39
2023-08-10T04:00:00Z,27
2023-08-10T05:00:00Z,33
2023-08-10T06:00:00Z,39
2023-08-10T07:00:00Z,63
2023-08-10T08:00:00Z,72
2023-08-10T09:00:00Z,44
2023-08-10T10:00:00Z,58
2023-08-10T11:00:00Z,77
2023-08-10T12:00:00Z,96
2023-08-10T13:00:00Z,58
2023-08-10T14:00:00Z,61
2023-08-10T15:00:00Z,59
2023-08-10T16:00:00Z,100
2023-08-10T17:00:00Z,133
2023-08-10T18:00:00Z,64
2023-08-10T19:00:00Z,34
2023-08-10T20:00:00Z,93
2023-08-10T21:00:00Z,55
2023-08-10T22:00:00Z,55
2023-08-10T23:00:00Z,48
2023-08-11T00:00:00Z,43
2023-08-11T01:00:00Z,33
2023-08-11T02:00:00Z,57
2023-08-11T03:00:00Z,20
2023-08-11T04:00:00Z,78
2023-08-11T05:00:00Z,46
2023-08-11T06:00:00Z,40
2023-08-11T07:00:00Z,68
2023-08-11T08:00:00Z,73
2023-08-11T09:00:00Z,96
2023-08-11T10:00:00Z,71
2023-08-11T11:00:00Z,49
2023-08-11T12:00:00Z,63
2023-08-11T13:00:00Z,80
2023-08-11T14:00:00Z,77
2023-08-11T15:00:00Z,47
2023-08-11T16:00:00Z,56
2023-08-11T17:00:00Z,37
2023-08-11T18:00:00Z,69
2023-08-11T19:00:00Z,67
2023-08-11T20:00:00Z,43
2023-08-11T21:00:00Z,61
2023-08-11T22:00:00Z,30
2023-08-11T23:00:00Z,18
2023-08-12T00:00:00Z,43
2023-08-12T01:00:00Z,24
2023-08-12T02:00:00Z,19
2023-08-12T03:00:00Z,14
2023-08-12T04:00:00Z,21
2023-08-12T05:00:00Z,24
2023-08-12T06:00:00Z,11
2023-08-12T07:00:00Z,17
2023-08-12T08:00:00Z,35
2023-08-12T09:00:00Z,34
2023-08-12T10:00:00Z,26
2023-08-12T11:00:00Z,25
2023-08-12T12:00:00Z,53
2023-08-12T13:00:00Z,32
2023-08-12T14:00:00Z,61
2023-08-12T15:00:00Z,38
2023-08-12T16:00:00Z,37
2023-08-12T17:00:00Z,52
2023-08-12T18:00:00Z,37
2023-08-12T19:00:00Z,25
2023-08-12T20:00:00Z,55
2023-08-12T21:00:00Z,11
2023-08-12T22:00:00Z,44
2023-08-12T23:00:00Z,25
2023-08-13T00:00:00Z,97
2023-08-13T01:00:00Z,45
2023-08-13T02:00:00Z,28
2023-08-13T03:00:00Z,22
2023-08-13T04:00:00Z,9
2023-08-13T05:00:00Z,16
2023-08-13T06:00:00Z,6
2023-08-13T07:00:00Z,16
2023-08-13T08:00:00Z,9
2023-08-13T09:00:00Z,18
2023-08-13T10:00:00Z,42
2023-08-13T11:00:00Z,22
2023-08-13T12:00:00Z,30
2023-08-13T13:00:00Z,38
2023-08-13T14:00:00Z,57
2023-08-13T15:00:00Z,25
2023-08-13T16:00:00Z,29
2023-08-13T17:00:00Z,21
2023-08-13T18:00:00Z,47
2023-08-13T19:00:00Z,41
2023-08-13T20:00:00Z,48
2023-08-13T21:00:00Z,28
2023-08-13T22:00:00Z,24
2023-08-13T23:00:00Z,16
2023-08-14T00:00:00Z,33
2023-08-14T01:00:00Z,32
2023-08-14T02:00:00Z,70
2023-08-14T03:00:00Z,28
2023-08-14T04:00:00Z,72
2023-08-14T05:00:00Z,53
2023-08-14T06:00:00Z,42
2023-08-14T07:00:00Z,42
2023-08-14T08:00:00Z,52
2023-08-14T09:00:00Z,61
2023-08-14T10:00:00Z,57
2023-08-14T11:00:00Z,61
2023-08-14T12:00:00Z,74
2023-08-14T13:00:00Z,80
2023-08-14T14:00:00Z,120
2023-08-14T15:00:00Z,82
2023-08-14T16:00:00Z,102
2023-08-14T17:00:00Z,58
2023-08-14T18:00:00Z,86
2023-08-14T19:00:00Z,69
2023-08-14T20:00:00Z,48
2023-08-14T21:00:00Z,50
2023-08-14T22:00:00Z,45
2023-08-14T23:00:00Z,89
2023-08-15T00:00:00Z,64
2023-08-15T01:00:00Z,35
2023-08-15T02:00:00Z,28
2023-08-15T03:00:00Z,25
2023-08-15T04:00:00Z,27
2023-08-15T05:00:00Z,39
2023-08-15T06:00:00Z,71
2023-08-15T07:00:00Z,54
2023-08-15T08:00:00Z,52
2023-08-15T09:00:00Z,50
2023-08-15T10:00:00Z,148
2023-08-15T11:00:00Z,43
2023-08-15T12:00:00Z,81
2023-08-15T13:00:00Z,69
2023-08-15T14:00:00Z,74
2023-08-15T15:00:00Z,68
2023-08-15T16:00:00Z,60
2023-08-15T17:00:00Z,121
2023-08-15T18:00:00Z,89
2023-08-15T19:00:00Z,65
2023-08-15T20:00:00Z,120
2023-08-15T21:00:00Z,60
2023-08-15T22:00:00Z,63
2023-08-15T23:00:00Z,59
2023-08-16T00:00:00Z,77
2023-08-16T01:00:00Z,23
2023-08-16T02:00:00Z,55
2023-08-16T03:00:00Z,56
2023-08-16T04:00:00Z,39
2023-08-16T05:00:00Z,34
2023-08-16T06:00:00Z,55
2023-08-16T07:00:00Z,56
2023-08-16T08:00:00Z,50
2023-08-16T09:00:00Z,56
2023-08-16T10:00:00Z,82
2023-08-16T11:00:00Z,47
2023-08-16T12:00:00Z,58
2023-08-16T13:00:00Z,55
2023-08-16T14:00:00Z,111
2023-08-16T15:00:00Z,64
2023-08-16T16:00:00Z,134
2023-08-16T17:00:00Z,66
2023-08-16T18:00:00Z,65
2023-08-16T19:00:00Z,81
2023-08-16T20:00:00Z,99
2023-08-16T21:00:00Z,81
2023-08-16T22:00:00Z,97
2023-08-16T23:00:00Z,54
2023-08-17T00:00:00Z,44
2023-08-17T01:00:00Z,29
2023-08-17T02:00:00Z,21
2023-08-17T03:00:00Z,57
2023-08-17T04:00:00Z,31
2023-08-17T05:00:00Z,45
2023-08-17T06:00:00Z,65
2023-08-17T07:00:00Z,41
2023-08-17T08:00:00Z,71
2023-08-17T09:00:00Z,89
2023-08-17T10:00:00Z,82
2023-08-17T11:00:00Z,73
2023-08-17T12:00:00Z,66
2023-08-17T13:00:00Z,79
2023-08-17T14:00:00Z,74
2023-08-17T15:00:00Z,76
2023-08-17T16:00:00Z,102
2023-08-17T17:00:00Z,104
2023-08-17T18:00:00Z,88
2023-08-17T19:00:00Z,59
2023-08-17T20:00:00Z,88
2023-08-17T21:00:00Z,87
2023-08-17T22:00:00Z,59
2023-08-17T23:00:00Z,36
2023-08-18T00:00:00Z,34
2023-08-18T01:00:00Z,39
2023-08-18T02:00:00Z,30
2023-08-18T03:00:00Z,71
2023-08-18T04:00:00Z,38
2023-08-18T05:00:00Z,28
2023-08-18T06:00:00Z,40
2023-08-18T07:00:00Z,43
2023-08-18T08:00:00Z,53
2023-08-18T09:00:00Z,38
2023-08-18T10:00:00Z,48
2023-08-18T11:00:00Z,69
2023-08-18T12:00:00Z,77
2023-08-18T13:00:00Z,108
2023-08-18T14:00:00Z,89
2023-08-18T15:00:00Z,70
2023-08-18T16:00:00Z,65
2023-08-18T17:00:00Z,63
2023-08-18T18:00:00Z,70
2023-08-18T19:00:00Z,54
2023-08-18T20:00:00Z,41
2023-08-18T21:00:00Z,30
2023-08-18T22:00:00Z,372
2023-08-18T23:00:00Z,36
2023-08-19T00:00:00Z,136
2023-08-19T01:00:00Z,32
2023-08-19T02:00:00Z,26
2023-08-19T03:00:00Z,13
2023-08-19T04:00:00Z,33
2023-08-19T05:00:00Z,22
2023-08-19T06:00:00Z,14
2023-08-19T07:00:00Z,14
2023-08-19T08:00:00Z,29
2023-08-19T09:00:00Z,45
2023-08-19T10:00:00Z,20
2023-08-19T11:00:00Z,38
2023-08-19T12:00:00Z,39
2023-08-19T13:00:00Z,35
2023-08-19T14:00:00Z,65
2023-08-19T15:00:00Z,45
2023-08-19T16:00:00Z,21
2023-08-19T17:00:00Z,49
2023-08-19T18:00:00Z,19
2023-08-19T19:00:00Z,30
2023-08-19T20:00:00Z,40
2023-08-19T21:00:00Z,30
2023-08-19T22:00:00Z,21
2023-08-19T23:00:00Z,25
2023-08-20T00:00:00Z,19
2023-08-20T01:00:00Z,25
2023-08-20T02:00:00Z,19
2023-08-20T03:00:00Z,17
2023-08-20T04:00:00Z,19
2023-08-20T05:00:00Z,20
2023-08-20T06:00:00Z,27
2023-08-20T07:00:00Z,21
2023-08-20T08:00:00Z,30
2023-08-20T09:00:00Z,26
2023-08-20T10:00:00Z,27
2023-08-20T11:00:00Z,34
2023-08-20T12:00:00Z,48
2023-08-20T13:00:00Z,59
2023-08-20T14:00:00Z,80
2023-08-20T15:00:00Z,49
2023-08-20T16:00:00Z,31
2023-08-20T17:00:00Z,33
2023-08-20T18:00:00Z,42
2023-08-20T19:00:00Z,66
2023-08-20T20:00:00Z,76
2023-08-20T21:00:00Z,56
2023-08-20T22:00:00Z,19
2023-08-20T23:00:00Z,21
2023-08-21T00:00:00Z,41
2023-08-21T01:00:00Z,38
2023-08-21T02:00:00Z,33
2023-08-21T03:00:00Z,38
2023-08-21T04:00:00Z,37
2023-08-21T05:00:00Z,36
2023-08-21T06:00:00Z,18
2023-08-21T07:00:00Z,58
2023-08-21T08:00:00Z,51
2023-08-21T09:00:00Z,53
2023-08-21T10:00:00Z,71
2023-08-21T11:00:00Z,83
2023-08-21T12:00:00Z,81
2023-08-21T13:00:00Z,102
2023-08-21T14:00:00Z,84
2023-08-21T15:00:00Z,77
2023-08-21T16:00:00Z,64
2023-08-21T17:00:00Z,106
2023-08-21T18:00:00Z,70
2023-08-21T19:00:00Z,94
2023-08-21T20:00:00Z,50
2023-08-21T21:00:00Z,44
2023-08-21T22:00:00Z,65
2023-08-21T23:00:00Z,41
2023-08-22T00:00:00Z,31
2023-08-22T01:00:00Z,53
2023-08-22T02:00:00Z,34
2023-08-22T03:00:00Z,55
2023-08-22T04:00:00Z,37
2023-08-22T05:00:00Z,50
2023-08-22T06:00:00Z,53
2023-08-22T07:00:00Z,68
2023-08-22T08:00:00Z,68
2023-08-22T09:00:00Z,50
2023-08-22T10:00:00Z,90
2023-08-22T11:00:00Z,67
2023-08-22T12:00:00Z,65
2023-08-22T13:00:00Z,81
2023-08-22T14:00:00Z,86
2023-08-22T15:00:00Z,102
2023-08-22T16:00:00Z,78
2023-08-22T17:00:00Z,80
2023-08-22T18:00:00Z,55
2023-08-22T19:00:00Z,75
2023-08-22T20:00:00Z,88
2023-08-22T21:00:00Z,47
2023-08-22T22:00:00Z,76
2023-08-22T23:00:00Z,49
2023-08-23T00:00:00Z,58
2023-08-23T01:00:00Z,50
2023-08-23T02:00:00Z,29
2023-08-23T03:00:00Z,39
2023-08-23T04:00:00Z,25
2023-08-23T05:00:00Z,25
2023-08-23T06:00:00Z,92
2023-08-23T07:00:00Z,109
2023-08-23T08:00:00Z,60
2023-08-23T09:00:00Z,121
2023-08-23T10:00:00Z,99
2023-08-23T11:00:00Z,72
2023-08-23T12:00:00Z,67
2023-08-23T13:00:00Z,79
2023-08-23T14:00:00Z,96
2023-08-23T15:00:00Z,74
2023-08-23T16:00:00Z,82
2023-08-23T17:00:00Z,83
2023-08-23T18:00:00Z,56
2023-08-23T19:00:00Z,71
2023-08-23T20:00:00Z,61
2023-08-23T21:00:00Z,64
2023-08-23T22:00:00Z,54
2023-08-23T23:00:00Z,39
2023-08-24T00:00:00Z,63
2023-08-24T01:00:00Z,33
2023-08-24T02:00:00Z,55
2023-08-24T03:00:00Z,42
2023-08-24T04:00:00Z,25
2023-08-24T05:00:00Z,35
2023-08-24T06:00:00Z,34
2023-08-24T07:00:00Z,83
2023-08-24T08:00:00Z,92
2023-08-24T09:00:00Z,108
2023-08-24T10:00:00Z,122
2023-08-24T11:00:00Z,83
2023-08-24T12:00:00Z,75
2023-08-24T13:00:00Z,80
2023-08-24T14:00:00Z,109
2023-08-24T15:00:00Z,83
2023-08-24T16:00:00Z,122
2023-08-24T17:00:00Z,95
2023-08-24T18:00:00Z,100
2023-08-24T19:00:00Z,56
2023-08-24T20:00:00Z,80
2023-08-24T21:00:00Z,87
2023-08-24T22:00:00Z,51
2023-08-24T23:00:00Z,85
2023-08-25T00:00:00Z,74
2023-08-25T01:00:00Z,53
2023-08-25T02:00:00Z,52
2023-08-25T03:00:00Z,67
2023-08-25T04:00:00Z,26
2023-08-25T05:00:00Z,56
2023-08-25T06:00:00Z,83
2023-08-25T07:00:00Z,110
2023-08-25T08:00:00Z,113
2023-08-25T09:00:00Z,107
2023-08-25T10:00:00Z,105
2023-08-25T11:00:00Z,101
2023-08-25T12:00:00Z,56
2023-08-25T13:00:00Z,90
2023-08-25T14:00:00Z,116
2023-08-25T15:00:00Z,89
2023-08-25T16:00:00Z,102
2023-08-25T17:00:00Z,101
2023-08-25T18:00:00Z,96
2023-08-25T19:00:00Z,80
2023-08-25T20:00:00Z,65
2023-08-25T21:00:00Z,66
2023-08-25T22:00:00Z,63
2023-08-25T23:00:00Z,53
2023-08-26T00:00:00Z,81
2023-08-26T01:00:00Z,39
2023-08-26T02:00:00Z,32
2023-08-26T03:00:00Z,62
2023-08-26T04:00:00Z,23
2023-08-26T05:00:00Z,36
2023-08-26T06:00:00Z,23
2023-08-26T07:00:00Z,26
2023-08-26T08:00:00Z,48
2023-08-26T09:00:00Z,42
2023-08-26T10:00:00Z,28
2023-08-26T11:00:00Z,31
2023-08-26T12:00:00Z,27
2023-08-26T13:00:00Z,34
2023-08-26T14:00:00Z,29
2023-08-26T15:00:00Z,49
2023-08-26T16:00:00Z,66
2023-08-26T17:00:00Z,28
2023-08-26T18:00:00Z,37
2023-08-26T19:00:00Z,31
2023-08-26T20:00:00Z,39
2023-08-26T21:00:00Z,43
2023-08-26T22:00:00Z,66
2023-08-26T23:00:00Z,17
2023-08-27T00:00:00Z,94
2023-08-27T01:00:00Z,45
2023-08-27T02:00:00Z,20
2023-08-27T03:00:00Z,23
2023-08-27T04:00:00Z,27
2023-08-27T05:00:00Z,40
2023-08-27T06:00:00Z,20
2023-08-27T07:00:00Z,20
2023-08-27T08:00:00Z,28
2023-08-27T09:00:00Z,37
2023-08-27T10:00:00Z,34
2023-08-27T11:00:00Z,84
2023-08-27T12:00:00Z,78
2023-08-27T13:00:00Z,67
2023-08-27T14:00:00Z,74
2023-08-27T15:00:00Z,44
2023-08-27T16:00:00Z,37
2023-08-27T17:00:00Z,37
2023-08-27T18:00:00Z,48
2023-08-27T19:00:00Z,33
2023-08-27T20:00:00Z,48
2023-08-27T21:00:00Z,41
2023-08-27T22:00:00Z,39
2023-08-27T23:00:00Z,24
2023-08-28T00:00:00Z,55
2023-08-28T01:00:00Z,46
2023-08-28T02:00:00Z,35
2023-08-28T03:00:00Z,29
2023-08-28T04:00:00Z,67
2023-08-28T05:00:00Z,78
2023-08-28T06:00:00Z,56
2023-08-28T07:00:00Z,88
2023-08-28T08:00:00Z,80
2023-08-28T09:00:00Z,80
2023-08-28T10:00:00Z,73
2023-08-28T11:00:00Z,81
2023-08-28T12:00:00Z,107
2023-08-28T13:00:00Z,106
2023-08-28T14:00:00Z,104
2023-08-28T15:00:00Z,92
2023-08-28T16:00:00Z,109
2023-08-28T17:00:00Z,101
2023-08-28T18:00:00Z,112
2023-08-28T19:00:00Z,49
2023-08-28T20:00:00Z,65
2023-08-28T21:00:00Z,97
2023-08-28T22:00:00Z,56
2023-08-28T23:00:00Z,36
2023-08-29T00:00:00Z,91
2023-08-29T01:00:00Z,57
2023-08-29T02:00:00Z,61
2023-08-29T03:00:00Z,54
2023-08-29T04:00:00Z,55
2023-08-29T05:00:00Z,35
2023-08-29T06:00:00Z,61
2023-08-29T07:00:00Z,60
2023-08-29T08:00:00Z,92
2023-08-29T09:00:00Z,74
2023-08-29T10:00:00Z,82
2023-08-29T11:00:00Z,142
2023-08-29T12:00:00Z,142
2023-08-29T13:00:00Z,118
2023-08-29T14:00:00Z,149
2023-08-29T15:00:00Z,136
2023-08-29T16:00:00Z,147
2023-08-29T17:00:00Z,109
2023-08-29T18:00:00Z,87
2023-08-29T19:00:00Z,83
2023-08-29T20:00:00Z,83
2023-08-29T21:00:00Z,75
2023-08-29T22:00:00Z,62
2023-08-29T23:00:00Z,67
2023-08-30T00:00:00Z,90
2023-08-30T01:00:00Z,36
2023-08-30T02:00:00Z,41
2023-08-30T03:00:00Z,56
2023-08-30T04:00:00Z,64
2023-08-30T05:00:00Z,54
2023-08-30T06:00:00Z,58
2023-08-30T07:00:00Z,75
2023-08-30T08:00:00Z,114
2023-08-30T09:00:00Z,102
2023-08-30T10:00:00Z,91
2023-08-30T11:00:00Z,61
2023-08-30T12:00:00Z,88
2023-08-30T13:00:00Z,141
2023-08-30T14:00:00Z,120
2023-08-30T15:00:00Z,109
2023-08-30T16:00:00Z,118
2023-08-30T17:00:00Z,91
2023-08-30T18:00:00Z,91
2023-08-30T19:00:00Z,78
2023-08-30T20:00:00Z,60
2023-08-30T21:00:00Z,87
2023-08-30T22:00:00Z,125
2023-08-30T23:00:00Z,67
2023-08-31T00:00:00Z,84
2023-08-31T01:00:00Z,50
2023-08-31T02:00:00Z,52
2023-08-31T03:00:00Z,57
2023-08-31T04:00:00Z,26
2023-08-31T05:00:00Z,34
2023-08-31T06:00:00Z,64
2023-08-31T07:00:00Z,82
2023-08-31T08:00:00Z,105
2023-08-31T09:00:00Z,100
2023-08-31T10:00:00Z,65
2023-08-31T11:00:00Z,80
2023-08-31T12:00:00Z,118
2023-08-31T13:00:00Z,103
2023-08-31T14:00:00Z,111
2023-08-31T15:00:00Z,164
2023-08-31T16:00:00Z,97
2023-08-31T17:00:00Z,99
2023-08-31T18:00:00Z,91
2023-08-31T19:00:00Z,83
2023-08-31T20:00:00Z,102
2023-08-31T21:00:00Z,85
2023-08-31T22:00:00Z,82
2023-08-31T23:00:00Z,46
2023-09-01T00:00:00Z,298
2023-09-01T01:00:00Z,167
2023-09-01T02:00:00Z,74
2023-09-01T03:00:00Z,77
2023-09-01T04:00:00Z,63
2023-09-01T05:00:00Z,136
2023-09-01T06:00:00Z,78
2023-09-01T07:00:00Z,86
2023-09-01T08:00:00Z,124
2023-09-01T09:00:00Z,156
2023-09-01T10:00:00Z,136
2023-09-01T11:00:00Z,89
2023-09-01T12:00:00Z,105
2023-09-01T13:00:00Z,101
2023-09-01T14:00:00Z,150
2023-09-01T15:00:00Z,128
2023-09-01T16:00:00Z,94
2023-09-01T17:00:00Z,169
2023-09-01T18:00:00Z,119
2023-09-01T19:00:00Z,89
2023-09-01T20:00:00Z,75
2023-09-01T21:00:00Z,77
2023-09-01T22:00:00Z,61
2023-09-01T23:00:00Z,55
2023-09-02T00:00:00Z,68
2023-09-02T01:00:00Z,50
2023-09-02T02:00:00Z,31
2023-09-02T03:00:00Z,39
2023-09-02T04:00:00Z,46
2023-09-02T05:00:00Z,26
2023-09-02T06:00:00Z,40
2023-09-02T07:00:00Z,43
2023-09-02T08:00:00Z,66
2023-09-02T09:00:00Z,62
2023-09-02T10:00:00Z,49
2023-09-02T11:00:00Z,55
2023-09-02T12:00:00Z,43
2023-09-02T13:00:00Z,47
2023-09-02T14:00:00Z,60
2023-09-02T15:00:00Z,72
2023-09-02T16:00:00Z,46
2023-09-02T17:00:00Z,64
2023-09-02T18:00:00Z,49
2023-09-02T19:00:00Z,58
2023-09-02T20:00:00Z,64
2023-09-02T21:00:00Z,35
2023-09-02T22:00:00Z,33
2023-09-02T23:00:00Z,37
2023-09-03T00:00:00Z,187
2023-09-03T01:00:00Z,48
2023-09-03T02:00:00Z,23
2023-09-03T03:00:00Z,40
2023-09-03T04:00:00Z,47
2023-09-03T05:00:00Z,30
2023-09-03T06:00:00Z,39
2023-09-03T07:00:00Z,70
2023-09-03T08:00:00Z,60
2023-09-03T09:00:00Z,41
2023-09-03T10:00:00Z,45
2023-09-03T11:00:00Z,97
2023-09-03T12:00:00Z,85
2023-09-03T13:00:00Z,65
2023-09-03T14:00:00Z,115
2023-09-03T15:00:00Z,76
2023-09-03T16:00:00Z,43
2023-09-03T17:00:00Z,50
2023-09-03T18:00:00Z,71
2023-09-03T19:00:00Z,35
2023-09-03T20:00:00Z,63
2023-09-03T21:00:00Z,56
2023-09-03T22:00:00Z,34
2023-09-03T23:00:00Z,36
2023-09-04T00:00:00Z,76
2023-09-04T01:00:00Z,92
2023-09-04T02:00:00Z,56
2023-09-04T03:00:00Z,81
2023-09-04T04:00:00Z,81
2023-09-04T05:00:00Z,86
2023-09-04T06:00:00Z,72
2023-09-04T07:00:00Z,131
2023-09-04T08:00:00Z,118
2023-09-04T09:00:00Z,107
2023-09-04T10:00:00Z,124
2023-09-04T11:00:00Z,91
2023-09-04T12:00:00Z,122
2023-09-04T13:00:00Z,177
2023-09-04T14:00:00Z,172
2023-09-04T15:00:00Z,141
2023-09-04T16:00:00Z,160
2023-09-04T17:00:00Z,151
2023-09-04T18:00:00Z,132
2023-09-04T19:00:00Z,125
2023-09-04T20:00:00Z,93
2023-09-04T21:00:00Z,143
2023-09-04T22:00:00Z,100
2023-09-04T23:00:00Z,91
2023-09-05T00:00:00Z,85
2023-09-05T01:00:00Z,87
2023-09-05T02:00:00Z,62
2023-09-05T03:00:00Z,80
2023-09-05T04:00:00Z,49
2023-09-05T05:00:00Z,63
2023-09-05T06:00:00Z,129
2023-09-05T07:00:00Z,109
2023-09-05T08:00:00Z,190
2023-09-05T09:00:00Z,201
2023-09-05T10:00:00Z,143
2023-09-05T11:00:00Z,144
2023-09-05T12:00:00Z,93
2023-09-05T13:00:00Z,105
2023-09-05T14:00:00Z,153
2023-09-05T15:00:00Z,192
2023-09-05T16:00:00Z,69
2023-09-05T17:00:00Z,116
2023-09-05T18:00:00Z,111
2023-09-05T19:00:00Z,102
2023-09-05T20:00:00Z,123
2023-09-05T21:00:00Z,119
2023-09-05T22:00:00Z,74
2023-09-05T23:00:00Z,46
2023-09-06T00:00:00Z,56
2023-09-06T01:00:00Z,33
2023-09-06T02:00:00Z,57
2023-09-06T03:00:00Z,50
2023-09-06T04:00:00Z,35
2023-09-06T05:00:00Z,70
2023-09-06T06:00:00Z,95
2023-09-06T07:00:00Z,106
2023-09-06T08:00:00Z,105
2023-09-06T09:00:00Z,100
2023-09-06T10:00:00Z,72
2023-09-06T11:00:00Z,91
2023-09-06T12:00:00Z,132
2023-09-06T13:00:00Z,124
2023-09-06T14:00:00Z,148
2023-09-06T15:00:00Z,156
2023-09-06T16:00:00Z,121
2023-09-06T17:00:00Z,110
2023-09-06T18:00:00Z,129
2023-09-06T19:00:00Z,102
2023-09-06T20:00:00Z,105
2023-09-06T21:00:00Z,99
2023-09-06T22:00:00Z,70
2023-09-06T23:00:00Z,53
2023-09-07T00:00:00Z,74
2023-09-07T01:00:00Z,76
2023-09-07T02:00:00Z,45
2023-09-07T03:00:00Z,67
2023-09-07T04:00:00Z,40
2023-09-07T05:00:00Z,59
2023-09-07T06:00:00Z,66
2023-09-07T07:00:00Z,72
2023-09-07T08:00:00Z,152
2023-09-07T09:00:00Z,133
2023-09-07T10:00:00Z,125
2023-09-07T11:00:00Z,150
2023-09-07T12:00:00Z,78
2023-09-07T13:00:00Z,159
2023-09-07T14:00:00Z,137
2023-09-07T15:00:00Z,247
2023-09-07T16:00:00Z,128
2023-09-07T17:00:00Z,104
2023-09-07T18:00:00Z,103
2023-09-07T19:00:00Z,92
2023-09-07T20:00:00Z,95
2023-09-07T21:00:00Z,81
2023-09-07T22:00:00Z,61
2023-09-07T23:00:00Z,44
2023-09-08T00:00:00Z,75
2023-09-08T01:00:00Z,54
2023-09-08T02:00:00Z,57
2023-09-08T03:00:00Z,52
2023-09-08T04:00:00Z,61
2023-09-08T05:00:00Z,64
2023-09-08T06:00:00Z,120
2023-09-08T07:00:00Z,94
2023-09-08T08:00:00Z,125
2023-09-08T09:00:00Z,138
2023-09-08T10:00:00Z,121
2023-09-08T11:00:00Z,102
2023-09-08T12:00:00Z,117
2023-09-08T13:00:00Z,117
2023-09-08T14:00:00Z,126
2023-09-08T15:00:00Z,120
2023-09-08T16:00:00Z,112
2023-09-08T17:00:00Z,125
2023-09-08T18:00:00Z,114
2023-09-08T19:00:00Z,77
2023-09-08T20:00:00Z,42
2023-09-08T21:00:00Z,77
2023-09-08T22:00:00Z,78
2023-09-08T23:00:00Z,94
2023-09-09T00:00:00Z,101
2023-09-09T01:00:00Z,76
2023-09-09T02:00:00Z,38
2023-09-09T03:00:00Z,33
2023-09-09T04:00:00Z,46
2023-09-09T05:00:00Z,17
2023-09-09T06:00:00Z,33
2023-09-09T07:00:00Z,47
2023-09-09T08:00:00Z,79
2023-09-09T09:00:00Z,86
2023-09-09T10:00:00Z,57
2023-09-09T11:00:00Z,110
2023-09-09T12:00:00Z,69
2023-09-09T13:00:00Z,168
2023-09-09T14:00:00Z,226
2023-09-09T15:00:00Z,102
2023-09-09T16:00:00Z,100
2023-09-09T17:00:00Z,83
2023-09-09T18:00:00Z,55
2023-09-09T19:00:00Z,39
2023-09-09T20:00:00Z,63
2023-09-09T21:00:00Z,46
2023-09-09T22:00:00Z,48
2023-09-09T23:00:00Z,47
2023-09-10T00:00:00Z,200
2023-09-10T01:00:00Z,79
2023-09-10T02:00:00Z,39
2023-09-10T03:00:00Z,43
2023-09-10T04:00:00Z,47
2023-09-10T05:00:00Z,82
2023-09-10T06:00:00Z,67
2023-09-10T07:00:00Z,39
2023-09-10T08:00:00Z,54
2023-09-10T09:00:00Z,60
2023-09-10T10:00:00Z,35
2023-09-10T11:00:00Z,62
2023-09-10T12:00:00Z,153
2023-09-10T13:00:00Z,78
2023-09-10T14:00:00Z,102
2023-09-10T15:00:00Z,138
2023-09-10T16:00:00Z,49
2023-09-10T17:00:00Z,81
2023-09-10T18:00:00Z,75
2023-09-10T19:00:00Z,79
2023-09-10T20:00:00Z,69
2023-09-10T21:00:00Z,38
2023-09-10T22:00:00Z,64
2023-09-10T23:00:00Z,44
2023-09-11T00:00:00Z,174
2023-09-11T01:00:00Z,139
2023-09-11T02:00:00Z,94
2023-09-11T03:00:00Z,115
2023-09-11T04:00:00Z,92
2023-09-11T05:00:00Z,125
2023-09-11T06:00:00Z,115
2023-09-11T07:00:00Z,144
2023-09-11T08:00:00Z,180
2023-09-11T09:00:00Z,139
2023-09-11T10:00:00Z,158
2023-09-11T11:00:00Z,124
2023-09-11T12:00:00Z,196
2023-09-11T13:00:00Z,196
2023-09-11T14:00:00Z,141
2023-09-11T15:00:00Z,194
2023-09-11T16:00:00Z,151
2023-09-11T17:00:00Z,155
2023-09-11T18:00:00Z,115
2023-09-11T19:00:00Z,136
2023-09-11T20:00:00Z,124
2023-09-11T21:00:00Z,117
2023-09-11T22:00:00Z,103
2023-09-11T23:00:00Z,112
2023-09-12T00:00:00Z,78
2023-09-12T01:00:00Z,75
2023-09-12T02:00:00Z,71
2023-09-12T03:00:00Z,77
2023-09-12T04:00:00Z,73
2023-09-12T05:00:00Z,66
2023-09-12T06:00:00Z,110
2023-09-12T07:00:00Z,173
2023-09-12T08:00:00Z,200
2023-09-12T09:00:00Z,147
2023-09-12T10:00:00Z,127
2023-09-12T11:00:00Z,193
2023-09-12T12:00:00Z,170
2023-09-12T13:00:00Z,179
2023-09-12T14:00:00Z,227
2023-09-12T15:00:00Z,155
2023-09-12T16:00:00Z,150
2023-09-12T17:00:00Z,180
2023-09-12T18:00:00Z,114
2023-09-12T19:00:00Z,121
2023-09-12T20:00:00Z,144
2023-09-12T21:00:00Z,141
2023-09-12T22:00:00Z,142
2023-09-12T23:00:00Z,51
2023-09-13T00:00:00Z,164
2023-09-13T01:00:00Z,108
2023-09-13T02:00:00Z,109
2023-09-13T03:00:00Z,90
2023-09-13T04:00:00Z,75
2023-09-13T05:00:00Z,81
2023-09-13T06:00:00Z,139
2023-09-13T07:00:00Z,146
2023-09-13T08:00:00Z,133
2023-09-13T09:00:00Z,216
2023-09-13T10:00:00Z,165
2023-09-13T11:00:00Z,122
2023-09-13T12:00:00Z,144
2023-09-13T13:00:00Z,173
2023-09-13T14:00:00Z,150
2023-09-13T15:00:00Z,133
2023-09-13T16:00:00Z,120
2023-09-13T17:00:00Z,117
2023-09-13T18:00:00Z,152
2023-09-13T19:00:00Z,87
2023-09-13T20:00:00Z,145
2023-09-13T21:00:00Z,132
2023-09-13T22:00:00Z,92
2023-09-13T23:00:00Z,83
2023-09-14T00:00:00Z,67
2023-09-14T01:00:00Z,72
2023-09-14T02:00:00Z,97
2023-09-14T03:00:00Z,79
2023-09-14T04:00:00Z,52
2023-09-14T05:00:00Z,67
2023-09-14T06:00:00Z,85
2023-09-14T07:00:00Z,145
2023-09-14T08:00:00Z,186
2023-09-14T09:00:00Z,148
2023-09-14T10:00:00Z,108
2023-09-14T11:00:00Z,92
2023-09-14T12:00:00Z,133
2023-09-14T13:00:00Z,189
2023-09-14T14:00:00Z,149
2023-09-14T15:00:00Z,163
2023-09-14T16:00:00Z,183
2023-09-14T17:00:00Z,131
2023-09-14T18:00:00Z,156
2023-09-14T19:00:00Z,172
2023-09-14T20:00:00Z,183
2023-09-14T21:00:00Z,115
2023-09-14T22:00:00Z,110
2023-09-14T23:00:00Z,67
2023-09-15T00:00:00Z,107
2023-09-15T01:00:00Z,140
2023-09-15T02:00:00Z,104
2023-09-15T03:00:00Z,135
2023-09-15T04:00:00Z,53
2023-09-15T05:00:00Z,98
2023-09-15T06:00:00Z,167
2023-09-15T07:00:00Z,214
2023-09-15T08:00:00Z,132
2023-09-15T09:00:00Z,134
2023-09-15T10:00:00Z,156
2023-09-15T11:00:00Z,127
2023-09-15T12:00:00Z,173
2023-09-15T13:00:00Z,220
2023-09-15T14:00:00Z,195
2023-09-15T15:00:00Z,187
2023-09-15T16:00:00Z,118
2023-09-15T17:00:00Z,135
2023-09-15T18:00:00Z,141
2023-09-15T19:00:00Z,110
2023-09-15T20:00:00Z,121
2023-09-15T21:00:00Z,162
2023-09-15T22:00:00Z,111
2023-09-15T23:00:00Z,69
2023-09-16T00:00:00Z,91
2023-09-16T01:00:00Z,134
2023-09-16T02:00:00Z,54
2023-09-16T03:00:00Z,39
2023-09-16T04:00:00Z,42
2023-09-16T05:00:00Z,45
2023-09-16T06:00:00Z,69
2023-09-16T07:00:00Z,76
2023-09-16T08:00:00Z,95
2023-09-16T09:00:00Z,69
2023-09-16T10:00:00Z,63
2023-09-16T11:00:00Z,101
2023-09-16T12:00:00Z,74
2023-09-16T13:00:00Z,99
2023-09-16T14:00:00Z,97
2023-09-16T15:00:00Z,66
2023-09-16T16:00:00Z,134
2023-09-16T17:00:00Z,83
2023-09-16T18:00:00Z,71
2023-09-16T19:00:00Z,93
2023-09-16T20:00:00Z,89
2023-09-16T21:00:00Z,108
2023-09-16T22:00:00Z,86
2023-09-16T23:00:00Z,45
2023-09-17T00:00:00Z,242
2023-09-17T01:00:00Z,92
2023-09-17T02:00:00Z,80
2023-09-17T03:00:00Z,49
2023-09-17T04:00:00Z,73
2023-09-17T05:00:00Z,59
2023-09-17T06:00:00Z,70
2023-09-17T07:00:00Z,80
2023-09-17T08:00:00Z,71
2023-09-17T09:00:00Z,75
2023-09-17T10:00:00Z,100
2023-09-17T11:00:00Z,72
2023-09-17T12:00:00Z,103
2023-09-17T13:00:00Z,86
2023-09-17T14:00:00Z,100
2023-09-17T15:00:00Z,137
2023-09-17T16:00:00Z,82
2023-09-17T17:00:00Z,101
2023-09-17T18:00:00Z,146
2023-09-17T19:00:00Z,125
2023-09-17T20:00:00Z,86
2023-09-17T21:00:00Z,99
2023-09-17T22:00:00Z,59
2023-09-17T23:00:00Z,79
2023-09-18T00:00:00Z,239
2023-09-18T01:00:00Z,158
2023-09-18T02:00:00Z,144
2023-09-18T03:00:00Z,114
2023-09-18T04:00:00Z,126
2023-09-18T05:00:00Z,129
2023-09-18T06:00:00Z,156
2023-09-18T07:00:00Z,211
2023-09-18T08:00:00Z,236
2023-09-18T09:00:00Z,219
2023-09-18T10:00:00Z,148
2023-09-18T11:00:00Z,162
2023-09-18T12:00:00Z,249
2023-09-18T13:00:00Z,332
2023-09-18T14:00:00Z,265
2023-09-18T15:00:00Z,241
2023-09-18T16:00:00Z,234
2023-09-18T17:00:00Z,245
2023-09-18T18:00:00Z,302
2023-09-18T19:00:00Z,203
2023-09-18T20:00:00Z,177
2023-09-18T21:00:00Z,160
2023-09-18T22:00:00Z,124
2023-09-18T23:00:00Z,141
2023-09-19T00:00:00Z,63
2023-09-19T01:00:00Z,169
2023-09-19T02:00:00Z,128
2023-09-19T03:00:00Z,60
2023-09-19T04:00:00Z,82
2023-09-19T05:00:00Z,83
2023-09-19T06:00:00Z,112
2023-09-19T07:00:00Z,178
2023-09-19T08:00:00Z,220
2023-09-19T09:00:00Z,200
2023-09-19T10:00:00Z,192
2023-09-19T11:00:00Z,175
2023-09-19T12:00:00Z,171
2023-09-19T13:00:00Z,186
2023-09-19T14:00:00Z,243
2023-09-19T15:00:00Z,268
2023-09-19T16:00:00Z,175
2023-09-19T17:00:00Z,164
2023-09-19T18:00:00Z,166
2023-09-19T19:00:00Z,189
2023-09-19T20:00:00Z,238
2023-09-19T21:00:00Z,194
2023-09-19T22:00:00Z,142
2023-09-19T23:00:00Z,63
2023-09-20T00:00:00Z,116
2023-09-20T01:00:00Z,82
2023-09-20T02:00:00Z,158
2023-09-20T03:00:00Z,106
2023-09-20T04:00:00Z,137
2023-09-20T05:00:00Z,89
2023-09-20T06:00:00Z,149
2023-09-20T07:00:00Z,180
2023-09-20T08:00:00Z,182
2023-09-20T09:00:00Z,186
2023-09-20T10:00:00Z,171
2023-09-20T11:00:00Z,130
2023-09-20T12:00:00Z,225
2023-09-20T13:00:00Z,350
2023-09-20T14:00:00Z,229
2023-09-20T15:00:00Z,262
2023-09-20T16:00:00Z,209
2023-09-20T17:00:00Z,167
2023-09-20T18:00:00Z,207
2023-09-20T19:00:00Z,196
2023-09-20T20:00:00Z,130
2023-09-20T21:00:00Z,189
2023-09-20T22:00:00Z,108
2023-09-20T23:00:00Z,128
2023-09-21T00:00:00Z,91
2023-09-21T01:00:00Z,138
2023-09-21T02:00:00Z,141
2023-09-21T03:00:00Z,186
2023-09-21T04:00:00Z,98
2023-09-21T05:00:00Z,82
2023-09-21T06:00:00Z,180
2023-09-21T07:00:00Z,290
2023-09-21T08:00:00Z,251
2023-09-21T09:00:00Z,209
2023-09-21T10:00:00Z,192
2023-09-21T11:00:00Z,252
2023-09-21T12:00:00Z,272
2023-09-21T13:00:00Z,308
2023-09-21T14:00:00Z,272
2023-09-21T15:00:00Z,280
2023-09-21T16:00:00Z,194
2023-09-21T17:00:00Z,227
2023-09-21T18:00:00Z,246
2023-09-21T19:00:00Z,246
2023-09-21T20:00:00Z,217
2023-09-21T21:00:00Z,223
2023-09-21T22:00:00Z,147
2023-09-21T23:00:00Z,135
2023-09-22T00:00:00Z,130
2023-09-22T01:00:00Z,179
2023-09-22T02:00:00Z,109
2023-09-22T03:00:00Z,92
2023-09-22T04:00:00Z,158
2023-09-22T05:00:00Z,121
2023-09-22T06:00:00Z,184
2023-09-22T07:00:00Z,192
2023-09-22T08:00:00Z,180
2023-09-22T09:00:00Z,195
2023-09-22T10:00:00Z,221
2023-09-22T11:00:00Z,228
2023-09-22T12:00:00Z,203
2023-09-22T13:00:00Z,372
2023-09-22T14:00:00Z,291
2023-09-22T15:00:00Z,217
2023-09-22T16:00:00Z,236
2023-09-22T17:00:00Z,229
2023-09-22T18:00:00Z,343
2023-09-22T19:00:00Z,234
2023-09-22T20:00:00Z,164
2023-09-22T21:00:00Z,174
2023-09-22T22:00:00Z,157
2023-09-22T23:00:00Z,84
2023-09-23T00:00:00Z,144
2023-09-23T01:00:00Z,124
2023-09-23T02:00:00Z,98
2023-09-23T03:00:00Z,67
2023-09-23T04:00:00Z,98
2023-09-23T05:00:00Z,76
2023-09-23T06:00:00Z,110
2023-09-23T07:00:00Z,95
2023-09-23T08:00:00Z,124
2023-09-23T09:00:00Z,110
2023-09-23T10:00:00Z,110
2023-09-23T11:00:00Z,99
2023-09-23T12:00:00Z,144
2023-09-23T13:00:00Z,134
2023-09-23T14:00:00Z,192
2023-09-23T15:00:00Z,134
2023-09-23T16:00:00Z,129
2023-09-23T17:00:00Z,184
2023-09-23T18:00:00Z,149
2023-09-23T19:00:00Z,124
2023-09-23T20:00:00Z,138
2023-09-23T21:00:00Z,107
2023-09-23T22:00:00Z,82
2023-09-23T23:00:00Z,93
2023-09-24T00:00:00Z,377
2023-09-24T01:00:00Z,252
2023-09-24T02:00:00Z,142
2023-09-24T03:00:00Z,152
2023-09-24T04:00:00Z,117
2023-09-24T05:00:00Z,148
2023-09-24T06:00:00Z,81
2023-09-24T07:00:00Z,200
2023-09-24T08:00:00Z,159
2023-09-24T09:00:00Z,167
2023-09-24T10:00:00Z,162
2023-09-24T11:00:00Z,141
2023-09-24T12:00:00Z,204
2023-09-24T13:00:00Z,160
2023-09-24T14:00:00Z,229
2023-09-24T15:00:00Z,171
2023-09-24T16:00:00Z,215
2023-09-24T17:00:00Z,189
2023-09-24T18:00:00Z,148
2023-09-24T19:00:00Z,176
2023-09-24T20:00:00Z,131
2023-09-24T21:00:00Z,142
2023-09-24T22:00:00Z,152
2023-09-24T23:00:00Z,95
2023-09-25T00:00:00Z,467
2023-09-25T01:00:00Z,381
2023-09-25T02:00:00Z,268
2023-09-25T03:00:00Z,206
2023-09-25T04:00:00Z,237
2023-09-25T05:00:00Z,178
2023-09-25T06:00:00Z,229
2023-09-25T07:00:00Z,351
2023-09-25T08:00:00Z,279
2023-09-25T09:00:00Z,300
2023-09-25T10:00:00Z,316
2023-09-25T11:00:00Z,377
2023-09-25T12:00:00Z,426
2023-09-25T13:00:00Z,448
2023-09-25T14:00:00Z,338
2023-09-25T15:00:00Z,421
2023-09-25T16:00:00Z,365
2023-09-25T17:00:00Z,380
2023-09-25T18:00:00Z,349
2023-09-25T19:00:00Z,350
2023-09-25T20:00:00Z,377
2023-09-25T21:00:00Z,278
2023-09-25T22:00:00Z,232
2023-09-25T23:00:00Z,237
2023-09-26T00:00:00Z,469
2023-09-26T01:00:00Z,290
2023-09-26T02:00:00Z,288
2023-09-26T03:00:00Z,199
2023-09-26T04:00:00Z,165
2023-09-26T05:00:00Z,236
2023-09-26T06:00:00Z,289
2023-09-26T07:00:00Z,347
2023-09-26T08:00:00Z,383
2023-09-26T09:00:00Z,413
2023-09-26T10:00:00Z,333
2023-09-26T11:00:00Z,378
2023-09-26T12:00:00Z,444
2023-09-26T13:00:00Z,449
2023-09-26T14:00:00Z,419
2023-09-26T15:00:00Z,420
2023-09-26T16:00:00Z,449
2023-09-26T17:00:00Z,321
2023-09-26T18:00:00Z,360
2023-09-26T19:00:00Z,347
2023-09-26T20:00:00Z,336
2023-09-26T21:00:00Z,314
2023-09-26T22:00:00Z,310
2023-09-26T23:00:00Z,294
2023-09-27T00:00:00Z,659
2023-09-27T01:00:00Z,406
2023-09-27T02:00:00Z,321
2023-09-27T03:00:00Z,225
2023-09-27T04:00:00Z,212
2023-09-27T05:00:00Z,239
2023-09-27T06:00:00Z,327
2023-09-27T07:00:00Z,352
2023-09-27T08:00:00Z,525
2023-09-27T09:00:00Z,396
2023-09-27T10:00:00Z,425
2023-09-27T11:00:00Z,425
2023-09-27T12:00:00Z,388
2023-09-27T13:00:00Z,459
2023-09-27T14:00:00Z,454
2023-09-27T15:00:00Z,460
2023-09-27T16:00:00Z,435
2023-09-27T17:00:00Z,364
2023-09-27T18:00:00Z,464
2023-09-27T19:00:00Z,348
2023-09-27T20:00:00Z,376
2023-09-27T21:00:00Z,385
2023-09-27T22:00:00Z,294
2023-09-27T23:00:00Z,325
2023-09-28T00:00:00Z,715
2023-09-28T01:00:00Z,489
2023-09-28T02:00:00Z,396
2023-09-28T03:00:00Z,232
2023-09-28T04:00:00Z,262
2023-09-28T05:00:00Z,252
2023-09-28T06:00:00Z,329
2023-09-28T07:00:00Z,292
2023-09-28T08:00:00Z,355
2023-09-28T09:00:00Z,430
2023-09-28T10:00:00Z,449
2023-09-28T11:00:00Z,321
2023-09-28T12:00:00Z,525
2023-09-28T13:00:00Z,450
2023-09-28T14:00:00Z,476
2023-09-28T15:00:00Z,450
2023-09-28T16:00:00Z,353
2023-09-28T17:00:00Z,391
2023-09-28T18:00:00Z,337
2023-09-28T19:00:00Z,392
2023-09-28T20:00:00Z,390
2023-09-28T21:00:00Z,300
2023-09-28T22:00:00Z,345
2023-09-28T23:00:00Z,216
2023-09-29T00:00:00Z,686
2023-09-29T01:00:00Z,467
2023-09-29T02:00:00Z,311
2023-09-29T03:00:00Z,181
2023-09-29T04:00:00Z,286
2023-09-29T05:00:00Z,245
2023-09-29T06:00:00Z,270
2023-09-29T07:00:00Z,297
2023-09-29T08:00:00Z,312
2023-09-29T09:00:00Z,388
2023-09-29T10:00:00Z,344
2023-09-29T11:00:00Z,348
2023-09-29T12:00:00Z,421
2023-09-29T13:00:00Z,548
2023-09-29T14:00:00Z,525
2023-09-29T15:00:00Z,523
2023-09-29T16:00:00Z,438
2023-09-29T17:00:00Z,487
2023-09-29T18:00:00Z,394
2023-09-29T19:00:00Z,383
2023-09-29T20:00:00Z,561
2023-09-29T21:00:00Z,330
2023-09-29T22:00:00Z,435
2023-09-29T23:00:00Z,302
2023-09-30T00:00:00Z,671
2023-09-30T01:00:00Z,398
2023-09-30T02:00:00Z,205
2023-09-30T03:00:00Z,138
2023-09-30T04:00:00Z,158
2023-09-30T05:00:00Z,138
2023-09-30T06:00:00Z,170
2023-09-30T07:00:00Z,170
2023-09-30T08:00:00Z,163
2023-09-30T09:00:00Z,226
2023-09-30T10:00:00Z,238
2023-09-30T11:00:00Z,138
2023-09-30T12:00:00Z,224
2023-09-30T13:00:00Z,233
2023-09-30T14:00:00Z,260
2023-09-30T15:00:00Z,233
2023-09-30T16:00:00Z,171
2023-09-30T17:00:00Z,210
2023-09-30T18:00:00Z,188
2023-09-30T19:00:00Z,179
2023-09-30T20:00:00Z,197
2023-09-30T21:00:00Z,134
2023-09-30T22:00:00Z,102
2023-09-30T23:00:00Z,172
2023-10-01T00:00:00Z,926
2023-10-01T01:00:00Z,477
2023-10-01T02:00:00Z,278
2023-10-01T03:00:00Z,259
2023-10-01T04:00:00Z,324
2023-10-01T05:00:00Z,173
2023-10-01T06:00:00Z,230
2023-10-01T07:00:00Z,208
2023-10-01T08:00:00Z,250
2023-10-01T09:00:00Z,240
2023-10-01T10:00:00Z,213
2023-10-01T11:00:00Z,206
2023-10-01T12:00:00Z,250
2023-10-01T13:00:00Z,193
2023-10-01T14:00:00Z,251
2023-10-01T15:00:00Z,234
2023-10-01T16:00:00Z,218
2023-10-01T17:00:00Z,175
2023-10-01T18:00:00Z,201
2023-10-01T19:00:00Z,250
2023-10-01T20:00:00Z,210
2023-10-01T21:00:00Z,184
2023-10-01T22:00:00Z,155
2023-10-01T23:00:00Z,150
2023-10-02T00:00:00Z,534
2023-10-02T01:00:00Z,417
2023-10-02T02:00:00Z,219
2023-10-02T03:00:00Z,229
2023-10-02T04:00:00Z,225
2023-10-02T05:00:00Z,205
2023-10-02T06:00:00Z,235
2023-10-02T07:00:00Z,296
2023-10-02T08:00:00Z,302
2023-10-02T09:00:00Z,348
2023-10-02T10:00:00Z,303
2023-10-02T11:00:00Z,364
2023-10-02T12:00:00Z,431
2023-10-02T13:00:00Z,472
2023-10-02T14:00:00Z,462
2023-10-02T15:00:00Z,521
2023-10-02T16:00:00Z,355
2023-10-02T17:00:00Z,299
2023-10-02T18:00:00Z,377
2023-10-02T19:00:00Z,377
2023-10-02T20:00:00Z,390
2023-10-02T21:00:00Z,376
2023-10-02T22:00:00Z,260
2023-10-02T23:00:00Z,389
2023-10-03T00:00:00Z,497
2023-10-03T01:00:00Z,302
2023-10-03T02:00:00Z,248
2023-10-03T03:00:00Z,226
2023-10-03T04:00:00Z,264
2023-10-03T05:00:00Z,166
2023-10-03T06:00:00Z,189
2023-10-03T07:00:00Z,326
2023-10-03T08:00:00Z,269
2023-10-03T09:00:00Z,334
2023-10-03T10:00:00Z,339
2023-10-03T11:00:00Z,207
2023-10-03T12:00:00Z,324
2023-10-03T13:00:00Z,312
2023-10-03T14:00:00Z,378
2023-10-03T15:00:00Z,414
2023-10-03T16:00:00Z,359
2023-10-03T17:00:00Z,342
2023-10-03T18:00:00Z,328
2023-10-03T19:00:00Z,339
2023-10-03T20:00:00Z,290
2023-10-03T21:00:00Z,291
2023-10-03T22:00:00Z,184
2023-10-03T23:00:00Z,136
2023-10-04T00:00:00Z,367
2023-10-04T01:00:00Z,193
2023-10-04T02:00:00Z,148
2023-10-04T03:00:00Z,90
2023-10-04T04:00:00Z,101
2023-10-04T05:00:00Z,145
2023-10-04T06:00:00Z,137
2023-10-04T07:00:00Z,194
2023-10-04T08:00:00Z,236
2023-10-04T09:00:00Z,202
2023-10-04T10:00:00Z,179
2023-10-04T11:00:00Z,144
2023-10-04T12:00:00Z,269
2023-10-04T13:00:00Z,250
2023-10-04T14:00:00Z,228
2023-10-04T15:00:00Z,252
2023-10-04T16:00:00Z,288
2023-10-04T17:00:00Z,198
2023-10-04T18:00:00Z,238
2023-10-04T19:00:00Z,200
2023-10-04T20:00:00Z,230
2023-10-04T21:00:00Z,278
2023-10-04T22:00:00Z,240
2023-10-04T23:00:00Z,263
2023-10-05T00:00:00Z,286
2023-10-05T01:00:00Z,178
2023-10-05T02:00:00Z,140
2023-10-05T03:00:00Z,107
2023-10-05T04:00:00Z,340
2023-10-05T05:00:00Z,255
2023-10-05T06:00:00Z,187
2023-10-05T07:00:00Z,236
2023-10-05T08:00:00Z,229
2023-10-05T09:00:00Z,319
2023-10-05T10:00:00Z,375
2023-10-05T11:00:00Z,273
2023-10-05T12:00:00Z,264
2023-10-05T13:00:00Z,293
2023-10-05T14:00:00Z,328
2023-10-05T15:00:00Z,379
2023-10-05T16:00:00Z,322
2023-10-05T17:00:00Z,318
2023-10-05T18:00:00Z,289
2023-10-05T19:00:00Z,274
2023-10-05T20:00:00Z,349
2023-10-05T21:00:00Z,275
2023-10-05T22:00:00Z,215
2023-10-05T23:00:00Z,155
2023-10-06T00:00:00Z,260
2023-10-06T01:00:00Z,146
2023-10-06T02:00:00Z,167
2023-10-06T03:00:00Z,114
2023-10-06T04:00:00Z,119
2023-10-06T05:00:00Z,105
2023-10-06T06:00:00Z,199
2023-10-06T07:00:00Z,207
2023-10-06T08:00:00Z,173
2023-10-06T09:00:00Z,208
2023-10-06T10:00:00Z,262
2023-10-06T11:00:00Z,219
2023-10-06T12:00:00Z,238
2023-10-06T13:00:00Z,248
2023-10-06T14:00:00Z,284
2023-10-06T15:00:00Z,336
2023-10-06T16:00:00Z,218
2023-10-06T17:00:00Z,218
2023-10-06T18:00:00Z,215
2023-10-06T19:00:00Z,176
2023-10-06T20:00:00Z,154
2023-10-06T21:00:00Z,148
2023-10-06T22:00:00Z,120
2023-10-06T23:00:00Z,72
2023-10-07T00:00:00Z,185
2023-10-07T01:00:00Z,107
2023-10-07T02:00:00Z,111
2023-10-07T03:00:00Z,99
2023-10-07T04:00:00Z,77
2023-10-07T05:00:00Z,112
2023-10-07T06:00:00Z,99
2023-10-07T07:00:00Z,99
2023-10-07T08:00:00Z,107
2023-10-07T09:00:00Z,85
2023-10-07T10:00:00Z,100
2023-10-07T11:00:00Z,67
2023-10-07T12:00:00Z,90
2023-10-07T13:00:00Z,80
2023-10-07T14:00:00Z,57
2023-10-07T15:00:00Z,74
2023-10-07T16:00:00Z,64
2023-10-07T17:00:00Z,57
2023-10-07T18:00:00Z,46
2023-10-07T19:00:00Z,50
2023-10-07T20:00:00Z,52
2023-10-07T21:00:00Z,44
2023-10-07T22:00:00Z,80
2023-10-07T23:00:00Z,42
2023-10-08T00:00:00Z,171
2023-10-08T01:00:00Z,108
2023-10-08T02:00:00Z,93
2023-10-08T03:00:00Z,48
2023-10-08T04:00:00Z,44
2023-10-08T05:00:00Z,62
2023-10-08T06:00:00Z,33
2023-10-08T07:00:00Z,63
2023-10-08T08:00:00Z,75
2023-10-08T09:00:00Z,74
2023-10-08T10:00:00Z,95
2023-10-08T11:00:00Z,72
2023-10-08T12:00:00Z,85
2023-10-08T13:00:00Z,55
2023-10-08T14:00:00Z,74
2023-10-08T15:00:00Z,70
2023-10-08T16:00:00Z,65
2023-10-08T17:00:00Z,59
2023-10-08T18:00:00Z,56
2023-10-08T19:00:00Z,70
2023-10-08T20:00:00Z,74
2023-10-08T21:00:00Z,69
2023-10-08T22:00:00Z,88
2023-10-08T23:00:00Z,59
2023-10-09T00:00:00Z,274
2023-10-09T01:00:00Z,142
2023-10-09T02:00:00Z,133
2023-10-09T03:00:00Z,91
2023-10-09T04:00:00Z,130
2023-10-09T05:00:00Z,101
2023-10-09T06:00:00Z,145
2023-10-09T07:00:00Z,193
2023-10-09T08:00:00Z,247
2023-10-09T09:00:00Z,246
2023-10-09T10:00:00Z,205
2023-10-09T11:00:00Z,173
2023-10-09T12:00:00Z,315
2023-10-09T13:00:00Z,239
2023-10-09T14:00:00Z,225
2023-10-09T15:00:00Z,250
2023-10-09T16:00:00Z,214
2023-10-09T17:00:00Z,182
2023-10-09T18:00:00Z,227
2023-10-09T19:00:00Z,230
2023-10-09T20:00:00Z,211
2023-10-09T21:00:00Z,116
2023-10-09T22:00:00Z,138
2023-10-09T23:00:00Z,127
2023-10-10T00:00:00Z,273
2023-10-10T01:00:00Z,125
2023-10-10T02:00:00Z,124
2023-10-10T03:00:00Z,134
2023-10-10T04:00:00Z,84
2023-10-10T05:00:00Z,106
2023-10-10T06:00:00Z,214
2023-10-10T07:00:00Z,367
2023-10-10T08:00:00Z,306
2023-10-10T09:00:00Z,247
2023-10-10T10:00:00Z,236
2023-10-10T11:00:00Z,248
2023-10-10T12:00:00Z,288
2023-10-10T13:00:00Z,352
2023-10-10T14:00:00Z,352
2023-10-10T15:00:00Z,377
2023-10-10T16:00:00Z,244
2023-10-10T17:00:00Z,314
2023-10-10T18:00:00Z,328
2023-10-10T19:00:00Z,270
2023-10-10T20:00:00Z,272
2023-10-10T21:00:00Z,339
2023-10-10T22:00:00Z,230
2023-10-10T23:00:00Z,178
2023-10-11T00:00:00Z,385
2023-10-11T01:00:00Z,269
2023-10-11T02:00:00Z,269
2023-10-11T03:00:00Z,206
2023-10-11T04:00:00Z,180
2023-10-11T05:00:00Z,209
2023-10-11T06:00:00Z,285
2023-10-11T07:00:00Z,390
2023-10-11T08:00:00Z,451
2023-10-11T09:00:00Z,423
2023-10-11T10:00:00Z,318
2023-10-11T11:00:00Z,331
2023-10-11T12:00:00Z,392
2023-10-11T13:00:00Z,426
2023-10-11T14:00:00Z,436
2023-10-11T15:00:00Z,462
2023-10-11T16:00:00Z,586
2023-10-11T17:00:00Z,318
2023-10-11T18:00:00Z,296
2023-10-11T19:00:00Z,320
2023-10-11T20:00:00Z,383
2023-10-11T21:00:00Z,383
2023-10-11T22:00:00Z,353
2023-10-11T23:00:00Z,523
2023-10-12T00:00:00Z,384
2023-10-12T01:00:00Z,271
2023-10-12T02:00:00Z,278
2023-10-12T03:00:00Z,208
2023-10-12T04:00:00Z,176
2023-10-12T05:00:00Z,159
2023-10-12T06:00:00Z,336
2023-10-12T07:00:00Z,422
2023-10-12T08:00:00Z,363
2023-10-12T09:00:00Z,421
2023-10-12T10:00:00Z,344
2023-10-12T11:00:00Z,367
2023-10-12T12:00:00Z,425
2023-10-12T13:00:00Z,449
2023-10-12T14:00:00Z,593
2023-10-12T15:00:00Z,497
2023-10-12T16:00:00Z,428
2023-10-12T17:00:00Z,442
2023-10-12T18:00:00Z,311
2023-10-12T19:00:00Z,437
2023-10-12T20:00:00Z,433
2023-10-12T21:00:00Z,334
2023-10-12T22:00:00Z,257
2023-10-12T23:00:00Z,204
2023-10-13T00:00:00Z,529
2023-10-13T01:00:00Z,251
2023-10-13T02:00:00Z,264
2023-10-13T03:00:00Z,218
2023-10-13T04:00:00Z,227
2023-10-13T05:00:00Z,225
2023-10-13T06:00:00Z,283
2023-10-13T07:00:00Z,341
2023-10-13T08:00:00Z,371
2023-10-13T09:00:00Z,430
2023-10-13T10:00:00Z,281
2023-10-13T11:00:00Z,316
2023-10-13T12:00:00Z,503
2023-10-13T13:00:00Z,652
2023-10-13T14:00:00Z,533
2023-10-13T15:00:00Z,552
2023-10-13T16:00:00Z,482
2023-10-13T17:00:00Z,340
2023-10-13T18:00:00Z,320
2023-10-13T19:00:00Z,361
2023-10-13T20:00:00Z,373
2023-10-13T21:00:00Z,356
2023-10-13T22:00:00Z,249
2023-10-13T23:00:00Z,237
2023-10-14T00:00:00Z,266
2023-10-14T01:00:00Z,214
2023-10-14T02:00:00Z,138
2023-10-14T03:00:00Z,166
2023-10-14T04:00:00Z,133
2023-10-14T05:00:00Z,127
2023-10-14T06:00:00Z,95
2023-10-14T07:00:00Z,177
2023-10-14T08:00:00Z,110
2023-10-14T09:00:00Z,211
2023-10-14T10:00:00Z,151
2023-10-14T11:00:00Z,124
2023-10-14T12:00:00Z,139
2023-10-14T13:00:00Z,159
2023-10-14T14:00:00Z,117
2023-10-14T15:00:00Z,189
2023-10-14T16:00:00Z,129
2023-10-14T17:00:00Z,108
2023-10-14T18:00:00Z,153
2023-10-14T19:00:00Z,103
2023-10-14T20:00:00Z,145
2023-10-14T21:00:00Z,91
2023-10-14T22:00:00Z,128
2023-10-14T23:00:00Z,71
2023-10-15T00:00:00Z,402
2023-10-15T01:00:00Z,143
2023-10-15T02:00:00Z,144
2023-10-15T03:00:00Z,116
2023-10-15T04:00:00Z,83
2023-10-15T05:00:00Z,66
2023-10-15T06:00:00Z,75
2023-10-15T07:00:00Z,92
2023-10-15T08:00:00Z,98
2023-10-15T09:00:00Z,84
2023-10-15T10:00:00Z,165
2023-10-15T11:00:00Z,97
2023-10-15T12:00:00Z,152
2023-10-15T13:00:00Z,93
2023-10-15T14:00:00Z,88
2023-10-15T15:00:00Z,151
2023-10-15T16:00:00Z,113
2023-10-15T17:00:00Z,129
2023-10-15T18:00:00Z,96
2023-10-15T19:00:00Z,93
2023-10-15T20:00:00Z,94
2023-10-15T21:00:00Z,49
2023-10-15T22:00:00Z,45
2023-10-15T23:00:00Z,41
2023-10-16T00:00:00Z,131
2023-10-16T01:00:00Z,117
2023-10-16T02:00:00Z,52
2023-10-16T03:00:00Z,100
2023-10-16T04:00:00Z,77
2023-10-16T05:00:00Z,114
2023-10-16T06:00:00Z,155
2023-10-16T07:00:00Z,126
2023-10-16T08:00:00Z,153
2023-10-16T09:00:00Z,131
2023-10-16T10:00:00Z,161
2023-10-16T11:00:00Z,119
2023-10-16T12:00:00Z,148
2023-10-16T13:00:00Z,137
2023-10-16T14:00:00Z,180
2023-10-16T15:00:00Z,143
2023-10-16T16:00:00Z,154
2023-10-16T17:00:00Z,143
2023-10-16T18:00:00Z,98
2023-10-16T19:00:00Z,134
2023-10-16T20:00:00Z,159
2023-10-16T21:00:00Z,135
2023-10-16T22:00:00Z,110
2023-10-16T23:00:00Z,81
2023-10-17T00:00:00Z,69
2023-10-17T01:00:00Z,64
2023-10-17T02:00:00Z,79
2023-10-17T03:00:00Z,89
2023-10-17T04:00:00Z,55
2023-10-17T05:00:00Z,112
2023-10-17T06:00:00Z,54
2023-10-17T07:00:00Z,142
2023-10-17T08:00:00Z,146
2023-10-17T09:00:00Z,161
2023-10-17T10:00:00Z,121
2023-10-17T11:00:00Z,126
2023-10-17T12:00:00Z,171
2023-10-17T13:00:00Z,215
2023-10-17T14:00:00Z,123
2023-10-17T15:00:00Z,157
2023-10-17T16:00:00Z,134
2023-10-17T17:00:00Z,171
2023-10-17T18:00:00Z,108
2023-10-17T19:00:00Z,140
2023-10-17T20:00:00Z,150
2023-10-17T21:00:00Z,147
2023-10-17T22:00:00Z,58
2023-10-17T23:00:00Z,100
2023-10-18T00:00:00Z,105
2023-10-18T01:00:00Z,192
2023-10-18T02:00:00Z,90
2023-10-18T03:00:00Z,78
2023-10-18T04:00:00Z,74
2023-10-18T05:00:00Z,103
2023-10-18T06:00:00Z,116
2023-10-18T07:00:00Z,115
2023-10-18T08:00:00Z,167
2023-10-18T09:00:00Z,124
2023-10-18T10:00:00Z,118
2023-10-18T11:00:00Z,134
2023-10-18T12:00:00Z,143
2023-10-18T13:00:00Z,172
2023-10-18T14:00:00Z,213
2023-10-18T15:00:00Z,167
2023-10-18T16:00:00Z,143
2023-10-18T17:00:00Z,140
2023-10-18T18:00:00Z,214
2023-10-18T19:00:00Z,127
2023-10-18T20:00:00Z,160
2023-10-18T21:00:00Z,92
2023-10-18T22:00:00Z,105
2023-10-18T23:00:00Z,74
2023-10-19T00:00:00Z,96
2023-10-19T01:00:00Z,102
2023-10-19T02:00:00Z,98
2023-10-19T03:00:00Z,89
2023-10-19T04:00:00Z,80
2023-10-19T05:00:00Z,100
2023-10-19T06:00:00Z,130
2023-10-19T07:00:00Z,109
2023-10-19T08:00:00Z,251
2023-10-19T09:00:00Z,220
2023-10-19T10:00:00Z,210
2023-10-19T11:00:00Z,183
2023-10-19T12:00:00Z,262
2023-10-19T13:00:00Z,255
2023-10-19T14:00:00Z,234
2023-10-19T15:00:00Z,215
2023-10-19T16:00:00Z,136
2023-10-19T17:00:00Z,169
2023-10-19T18:00:00Z,118
2023-10-19T19:00:00Z,95
2023-10-19T20:00:00Z,83
2023-10-19T21:00:00Z,101
2023-10-19T22:00:00Z,129
2023-10-19T23:00:00Z,41
2023-10-20T00:00:00Z,69
2023-10-20T01:00:00Z,93
2023-10-20T02:00:00Z,82
2023-10-20T03:00:00Z,63
2023-10-20T04:00:00Z,56
2023-10-20T05:00:00Z,47
2023-10-20T06:00:00Z,111
2023-10-20T07:00:00Z,112
2023-10-20T08:00:00Z,137
2023-10-20T09:00:00Z,189
2023-10-20T10:00:00Z,141
2023-10-20T11:00:00Z,105
2023-10-20T12:00:00Z,171
2023-10-20T13:00:00Z,159
2023-10-20T14:00:00Z,134
2023-10-20T15:00:00Z,140
2023-10-20T16:00:00Z,159
2023-10-20T17:00:00Z,133
2023-10-20T18:00:00Z,120
2023-10-20T19:00:00Z,93
2023-10-20T20:00:00Z,101
2023-10-20T21:00:00Z,95
2023-10-20T22:00:00Z,75
2023-10-20T23:00:00Z,82
2023-10-21T00:00:00Z,75
2023-10-21T01:00:00Z,70
2023-10-21T02:00:00Z,97
2023-10-21T03:00:00Z,61
2023-10-21T04:00:00Z,36
2023-10-21T05:00:00Z,43
2023-10-21T06:00:00Z,45
2023-10-21T07:00:00Z,36
2023-10-21T08:00:00Z,46
2023-10-21T09:00:00Z,58
2023-10-21T10:00:00Z,48
2023-10-21T11:00:00Z,46
2023-10-21T12:00:00Z,78
2023-10-21T13:00:00Z,56
2023-10-21T14:00:00Z,43
2023-10-21T15:00:00Z,77
2023-10-21T16:00:00Z,87
2023-10-21T17:00:00Z,76
2023-10-21T18:00:00Z,55
2023-10-21T19:00:00Z,48
2023-10-21T20:00:00Z,49
2023-10-21T21:00:00Z,54
2023-10-21T22:00:00Z,40
2023-10-21T23:00:00Z,40
2023-10-22T00:00:00Z,361
2023-10-22T01:00:00Z,112
2023-10-22T02:00:00Z,87
2023-10-22T03:00:00Z,65
2023-10-22T04:00:00Z,34
2023-10-22T05:00:00Z,50
2023-10-22T06:00:00Z,68
2023-10-22T07:00:00Z,30
2023-10-22T08:00:00Z,56
2023-10-22T09:00:00Z,91
2023-10-22T10:00:00Z,70
2023-10-22T11:00:00Z,48
2023-10-22T12:00:00Z,57
2023-10-22T13:00:00Z,70
2023-10-22T14:00:00Z,91
2023-10-22T15:00:00Z,82
2023-10-22T16:00:00Z,70
2023-10-22T17:00:00Z,65
2023-10-22T18:00:00Z,100
2023-10-22T19:00:00Z,63
2023-10-22T20:00:00Z,118
2023-10-22T21:00:00Z,56
2023-10-22T22:00:00Z,54
2023-10-22T23:00:00Z,86
2023-10-23T00:00:00Z,175
2023-10-23T01:00:00Z,128
2023-10-23T02:00:00Z,151
2023-10-23T03:00:00Z,165
2023-10-23T04:00:00Z,116
2023-10-23T05:00:00Z,121
2023-10-23T06:00:00Z,167
2023-10-23T07:00:00Z,190
2023-10-23T08:00:00Z,222
2023-10-23T09:00:00Z,221
2023-10-23T10:00:00Z,170
2023-10-23T11:00:00Z,173
2023-10-23T12:00:00Z,281
2023-10-23T13:00:00Z,229
2023-10-23T14:00:00Z,214
2023-10-23T15:00:00Z,166
2023-10-23T16:00:00Z,247
2023-10-23T17:00:00Z,257
2023-10-23T18:00:00Z,255
2023-10-23T19:00:00Z,240
2023-10-23T20:00:00Z,224
2023-10-23T21:00:00Z,210
2023-10-23T22:00:00Z,124
2023-10-23T23:00:00Z,90
2023-10-24T00:00:00Z,160
2023-10-24T01:00:00Z,168
2023-10-24T02:00:00Z,112
2023-10-24T03:00:00Z,96
2023-10-24T04:00:00Z,106
2023-10-24T05:00:00Z,81
2023-10-24T06:00:00Z,89
2023-10-24T07:00:00Z,171
2023-10-24T08:00:00Z,134
2023-10-24T09:00:00Z,188
2023-10-24T10:00:00Z,164
2023-10-24T11:00:00Z,178
2023-10-24T12:00:00Z,215
2023-10-24T13:00:00Z,152
2023-10-24T14:00:00Z,171
2023-10-24T15:00:00Z,201
2023-10-24T16:00:00Z,148
2023-10-24T17:00:00Z,207
2023-10-24T18:00:00Z,139
2023-10-24T19:00:00Z,192
2023-10-24T20:00:00Z,174
2023-10-24T21:00:00Z,177
2023-10-24T22:00:00Z,135
2023-10-24T23:00:00Z,107
2023-10-25T00:00:00Z,124
2023-10-25T01:00:00Z,114
2023-10-25T02:00:00Z,115
2023-10-25T03:00:00Z,99
2023-10-25T04:00:00Z,66
2023-10-25T05:00:00Z,75
2023-10-25T06:00:00Z,134
2023-10-25T07:00:00Z,151
2023-10-25T08:00:00Z,197
2023-10-25T09:00:00Z,168
2023-10-25T10:00:00Z,177
2023-10-25T11:00:00Z,207
2023-10-25T12:00:00Z,257
2023-10-25T13:00:00Z,236
2023-10-25T14:00:00Z,230
2023-10-25T15:00:00Z,184
2023-10-25T16:00:00Z,217
2023-10-25T17:00:00Z,184
2023-10-25T18:00:00Z,214
2023-10-25T19:00:00Z,256
2023-10-25T20:00:00Z,165
2023-10-25T21:00:00Z,240
2023-10-25T22:00:00Z,339
2023-10-25T23:00:00Z,125
2023-10-26T00:00:00Z,135
2023-10-26T01:00:00Z,105
2023-10-26T02:00:00Z,141
2023-10-26T03:00:00Z,107
2023-10-26T04:00:00Z,97
2023-10-26T05:00:00Z,104
2023-10-26T06:00:00Z,145
2023-10-26T07:00:00Z,183
2023-10-26T08:00:00Z,162
2023-10-26T09:00:00Z,180
2023-10-26T10:00:00Z,193
2023-10-26T11:00:00Z,169
2023-10-26T12:00:00Z,263
2023-10-26T13:00:00Z,261
2023-10-26T14:00:00Z,249
2023-10-26T15:00:00Z,203
2023-10-26T16:00:00Z,177
2023-10-26T17:00:00Z,206
2023-10-26T18:00:00Z,210
2023-10-26T19:00:00Z,217
2023-10-26T20:00:00Z,193
2023-10-26T21:00:00Z,192
2023-10-26T22:00:00Z,194
2023-10-26T23:00:00Z,124
2023-10-27T00:00:00Z,129
2023-10-27T01:00:00Z,98
2023-10-27T02:00:00Z,107
2023-10-27T03:00:00Z,111
2023-10-27T04:00:00Z,152
2023-10-27T05:00:00Z,128
2023-10-27T06:00:00Z,165
2023-10-27T07:00:00Z,184
2023-10-27T08:00:00Z,190
2023-10-27T09:00:00Z,203
2023-10-27T10:00:00Z,192
2023-10-27T11:00:00Z,179
2023-10-27T12:00:00Z,213
2023-10-27T13:00:00Z,323
2023-10-27T14:00:00Z,266
2023-10-27T15:00:00Z,253
2023-10-27T16:00:00Z,184
2023-10-27T17:00:00Z,192
2023-10-27T18:00:00Z,218
2023-10-27T19:00:00Z,227
2023-10-27T20:00:00Z,175
2023-10-27T21:00:00Z,171
2023-10-27T22:00:00Z,171
2023-10-27T23:00:00Z,112
2023-10-28T00:00:00Z,132
2023-10-28T01:00:00Z,145
2023-10-28T02:00:00Z,94
2023-10-28T03:00:00Z,122
2023-10-28T04:00:00Z,126
2023-10-28T05:00:00Z,98
2023-10-28T06:00:00Z,63
2023-10-28T07:00:00Z,81
2023-10-28T08:00:00Z,123
2023-10-28T09:00:00Z,77
2023-10-28T10:00:00Z,86
2023-10-28T11:00:00Z,82
2023-10-28T12:00:00Z,101
2023-10-28T13:00:00Z,130
2023-10-28T14:00:00Z,89
2023-10-28T15:00:00Z,143
2023-10-28T16:00:00Z,118
2023-10-28T17:00:00Z,68
2023-10-28T18:00:00Z,107
2023-10-28T19:00:00Z,113
2023-10-28T20:00:00Z,87
2023-10-28T21:00:00Z,56
2023-10-28T22:00:00Z,78
2023-10-28T23:00:00Z,65
2023-10-29T00:00:00Z,440
2023-10-29T01:00:00Z,145
2023-10-29T02:00:00Z,123
2023-10-29T03:00:00Z,100
2023-10-29T04:00:00Z,77
2023-10-29T05:00:00Z,83
2023-10-29T06:00:00Z,101
2023-10-29T07:00:00Z,90
2023-10-29T08:00:00Z,116
2023-10-29T09:00:00Z,117
2023-10-29T10:00:00Z,107
2023-10-29T11:00:00Z,73
2023-10-29T12:00:00Z,110
2023-10-29T13:00:00Z,108
2023-10-29T14:00:00Z,182
2023-10-29T15:00:00Z,135
2023-10-29T16:00:00Z,116
2023-10-29T17:00:00Z,117
2023-10-29T18:00:00Z,91
2023-10-29T19:00:00Z,104
2023-10-29T20:00:00Z,139
2023-10-29T21:00:00Z,143
2023-10-29T22:00:00Z,133
2023-10-29T23:00:00Z,76
2023-10-30T00:00:00Z,293
2023-10-30T01:00:00Z,208
2023-10-30T02:00:00Z,185
2023-10-30T03:00:00Z,182
2023-10-30T04:00:00Z,201
2023-10-30T05:00:00Z,175
2023-10-30T06:00:00Z,312
2023-10-30T07:00:00Z,251
2023-10-30T08:00:00Z,329
2023-10-30T09:00:00Z,344
2023-10-30T10:00:00Z,303
2023-10-30T11:00:00Z,293
2023-10-30T12:00:00Z,378
2023-10-30T13:00:00Z,324
2023-10-30T14:00:00Z,402
2023-10-30T15:00:00Z,582
2023-10-30T16:00:00Z,490
2023-10-30T17:00:00Z,392
2023-10-30T18:00:00Z,389
2023-10-30T19:00:00Z,269
2023-10-30T20:00:00Z,348
2023-10-30T21:00:00Z,343
2023-10-30T22:00:00Z,281
2023-10-30T23:00:00Z,235
2023-10-31T00:00:00Z,221
2023-10-31T01:00:00Z,225
2023-10-31T02:00:00Z,155
2023-10-31T03:00:00Z,169
2023-10-31T04:00:00Z,172
2023-10-31T05:00:00Z,180
2023-10-31T06:00:00Z,174
2023-10-31T07:00:00Z,185
2023-10-31T08:00:00Z,258
2023-10-31T09:00:00Z,291
2023-10-31T10:00:00Z,351
2023-10-31T11:00:00Z,315
2023-10-31T12:00:00Z,409
2023-10-31T13:00:00Z,384
2023-10-31T14:00:00Z,402
2023-10-31T15:00:00Z,380
2023-10-31T16:00:00Z,423
2023-10-31T17:00:00Z,370
2023-10-31T18:00:00Z,286
2023-10-31T19:00:00Z,345
2023-10-31T20:00:00Z,276
2023-10-31T21:00:00Z,241
2023-10-31T22:00:00Z,225
2023-10-31T23:00:00Z,192
2023-11-01T00:00:00Z,584
2023-11-01T01:00:00Z,352
2023-11-01T02:00:00Z,262
2023-11-01T03:00:00Z,216
2023-11-01T04:00:00Z,248
2023-11-01T05:00:00Z,239
2023-11-01T06:00:00Z,284
2023-11-01T07:00:00Z,243
2023-11-01T08:00:00Z,370
2023-11-01T09:00:00Z,439
2023-11-01T10:00:00Z,412
2023-11-01T11:00:00Z,262
2023-11-01T12:00:00Z,392
2023-11-01T13:00:00Z,398
2023-11-01T14:00:00Z,421
2023-11-01T15:00:00Z,430
2023-11-01T16:00:00Z,417
2023-11-01T17:00:00Z,398
2023-11-01T18:00:00Z,378
2023-11-01T19:00:00Z,446
2023-11-01T20:00:00Z,377
2023-11-01T21:00:00Z,327
2023-11-01T22:00:00Z,304
2023-11-01T23:00:00Z,221
2023-11-02T00:00:00Z,224
2023-11-02T01:00:00Z,192
2023-11-02T02:00:00Z,190
2023-11-02T03:00:00Z,182
2023-11-02T04:00:00Z,160
2023-11-02T05:00:00Z,197
2023-11-02T06:00:00Z,203
2023-11-02T07:00:00Z,250
2023-11-02T08:00:00Z,349
2023-11-02T09:00:00Z,336
2023-11-02T10:00:00Z,351
2023-11-02T11:00:00Z,353
2023-11-02T12:00:00Z,348
2023-11-02T13:00:00Z,395
2023-11-02T14:00:00Z,372
2023-11-02T15:00:00Z,422
2023-11-02T16:00:00Z,453
2023-11-02T17:00:00Z,386
2023-11-02T18:00:00Z,335
2023-11-02T19:00:00Z,291
2023-11-02T20:00:00Z,271
2023-11-02T21:00:00Z,344
2023-11-02T22:00:00Z,357
2023-11-02T23:00:00Z,257
2023-11-03T00:00:00Z,314
2023-11-03T01:00:00Z,198
2023-11-03T02:00:00Z,154
2023-11-03T03:00:00Z,194
2023-11-03T04:00:00Z,148
2023-11-03T05:00:00Z,151
2023-11-03T06:00:00Z,172
2023-11-03T07:00:00Z,226
2023-11-03T08:00:00Z,207
2023-11-03T09:00:00Z,351
2023-11-03T10:00:00Z,368
2023-11-03T11:00:00Z,298
2023-11-03T12:00:00Z,309
2023-11-03T13:00:00Z,454
2023-11-03T14:00:00Z,423
2023-11-03T15:00:00Z,384
2023-11-03T16:00:00Z,374
2023-11-03T17:00:00Z,413
2023-11-03T18:00:00Z,295
2023-11-03T19:00:00Z,233
2023-11-03T20:00:00Z,336
2023-11-03T21:00:00Z,281
2023-11-03T22:00:00Z,262
2023-11-03T23:00:00Z,235
2023-11-04T00:00:00Z,297
2023-11-04T01:00:00Z,252
2023-11-04T02:00:00Z,152
2023-11-04T03:00:00Z,233
2023-11-04T04:00:00Z,178
2023-11-04T05:00:00Z,139
2023-11-04T06:00:00Z,104
2023-11-04T07:00:00Z,121
2023-11-04T08:00:00Z,116
2023-11-04T09:00:00Z,131
2023-11-04T10:00:00Z,154
2023-11-04T11:00:00Z,159
2023-11-04T12:00:00Z,153
2023-11-04T13:00:00Z,162
2023-11-04T14:00:00Z,175
2023-11-04T15:00:00Z,171
2023-11-04T16:00:00Z,215
2023-11-04T17:00:00Z,215
2023-11-04T18:00:00Z,149
2023-11-04T19:00:00Z,140
2023-11-04T20:00:00Z,157
2023-11-04T21:00:00Z,221
2023-11-04T22:00:00Z,165
2023-11-04T23:00:00Z,147
2023-11-05T00:00:00Z,583
2023-11-05T01:00:00Z,310
2023-11-05T02:00:00Z,363
2023-11-05T03:00:00Z,145
2023-11-05T04:00:00Z,161
2023-11-05T05:00:00Z,134
2023-11-05T06:00:00Z,127
2023-11-05T07:00:00Z,112
2023-11-05T09:00:00Z,271
2023-11-05T10:00:00Z,240
2023-11-05T11:00:00Z,150
2023-11-05T12:00:00Z,208
2023-11-05T13:00:00Z,244
2023-11-05T14:00:00Z,289
2023-11-05T15:00:00Z,214
2023-11-05T16:00:00Z,282
2023-11-05T17:00:00Z,260
2023-11-05T18:00:00Z,228
2023-11-05T19:00:00Z,306
2023-11-05T20:00:00Z,194
2023-11-05T21:00:00Z,258
2023-11-05T22:00:00Z,230
2023-11-05T23:00:00Z,212
2023-11-06T00:00:00Z,423
2023-11-06T01:00:00Z,498
2023-11-06T02:00:00Z,393
2023-11-06T03:00:00Z,418
2023-11-06T04:00:00Z,374
2023-11-06T05:00:00Z,417
2023-11-06T06:00:00Z,485
2023-11-06T07:00:00Z,533
2023-11-06T08:00:00Z,675
2023-11-06T09:00:00Z,750
2023-11-06T10:00:00Z,586
2023-11-06T11:00:00Z,658
2023-11-06T12:00:00Z,719
2023-11-06T13:00:00Z,735
2023-11-06T14:00:00Z,800
2023-11-06T15:00:00Z,694
2023-11-06T16:00:00Z,800
2023-11-06T17:00:00Z,737
2023-11-06T18:00:00Z,798
2023-11-06T19:00:00Z,611
2023-11-06T20:00:00Z,892
2023-11-06T21:00:00Z,680
2023-11-06T22:00:00Z,739
2023-11-06T23:00:00Z,440
2023-11-07T00:00:00Z,506
2023-11-07T01:00:00Z,400
2023-11-07T02:00:00Z,443
2023-11-07T03:00:00Z,330
2023-11-07T04:00:00Z,330
2023-11-07T05:00:00Z,361
2023-11-07T06:00:00Z,441
2023-11-07T07:00:00Z,527
2023-11-07T08:00:00Z,544
2023-11-07T09:00:00Z,611
2023-11-07T10:00:00Z,654
2023-11-07T11:00:00Z,613
2023-11-07T12:00:00Z,681
2023-11-07T13:00:00Z,770
2023-11-07T14:00:00Z,795
2023-11-07T15:00:00Z,908
2023-11-07T16:00:00Z,966
2023-11-07T17:00:00Z,636
2023-11-07T18:00:00Z,693
2023-11-07T19:00:00Z,733
2023-11-07T20:00:00Z,684
2023-11-07T21:00:00Z,744
2023-11-07T22:00:00Z,678
2023-11-07T23:00:00Z,781
2023-11-08T00:00:00Z,1997
2023-11-08T01:00:00Z,1142
2023-11-08T02:00:00Z,893
2023-11-08T03:00:00Z,572
2023-11-08T04:00:00Z,472
2023-11-08T05:00:00Z,484
2023-11-08T06:00:00Z,727
2023-11-08T07:00:00Z,733
2023-11-08T08:00:00Z,849
2023-11-08T09:00:00Z,958
2023-11-08T10:00:00Z,1025
2023-11-08T11:00:00Z,972
2023-11-08T12:00:00Z,988
2023-11-08T13:00:00Z,940
2023-11-08T14:00:00Z,1056
2023-11-08T15:00:00Z,904
2023-11-08T16:00:00Z,999
2023-11-08T17:00:00Z,984
2023-11-08T18:00:00Z,908
2023-11-08T19:00:00Z,814
2023-11-08T20:00:00Z,833
2023-11-08T21:00:00Z,868
2023-11-08T22:00:00Z,719
2023-11-08T23:00:00Z,640
2023-11-09T00:00:00Z,2498
2023-11-09T01:00:00Z,1662
2023-11-09T02:00:00Z,1083
2023-11-09T03:00:00Z,616
2023-11-09T04:00:00Z,603
2023-11-09T05:00:00Z,635
2023-11-09T06:00:00Z,804
2023-11-09T07:00:00Z,987
2023-11-09T08:00:00Z,997
2023-11-09T09:00:00Z,1207
2023-11-09T10:00:00Z,1223
2023-11-09T11:00:00Z,897
2023-11-09T12:00:00Z,1268
2023-11-09T13:00:00Z,1104
2023-11-09T14:00:00Z,1302
2023-11-09T15:00:00Z,1491
2023-11-09T16:00:00Z,1418
2023-11-09T17:00:00Z,1152
2023-11-09T18:00:00Z,1146
2023-11-09T19:00:00Z,1094
2023-11-09T20:00:00Z,1093
2023-11-09T21:00:00Z,1135
2023-11-09T22:00:00Z,1203
2023-11-09T23:00:00Z,934
2023-11-10T00:00:00Z,3032
2023-11-10T01:00:00Z,1903
2023-11-10T02:00:00Z,1324
2023-11-10T03:00:00Z,920
2023-11-10T04:00:00Z,834
2023-11-10T05:00:00Z,734
2023-11-10T06:00:00Z,1090
2023-11-10T07:00:00Z,1221
2023-11-10T08:00:00Z,1633
2023-11-10T09:00:00Z,1649
2023-11-10T10:00:00Z,1720
2023-11-10T11:00:00Z,1444
2023-11-10T12:00:00Z,1685
2023-11-10T13:00:00Z,1733
2023-11-10T14:00:00Z,2172
2023-11-10T15:00:00Z,2250
2023-11-10T16:00:00Z,2002
2023-11-10T17:00:00Z,1921
2023-11-10T18:00:00Z,1487
2023-11-10T19:00:00Z,1585
2023-11-10T20:00:00Z,1617
2023-11-10T21:00:00Z,1611
2023-11-10T22:00:00Z,1490
2023-11-10T23:00:00Z,1370
2023-11-11T00:00:00Z,3393
2023-11-11T01:00:00Z,946
2023-11-11T02:00:00Z,2036
2023-11-11T03:00:00Z,1018
2023-11-11T04:00:00Z,719
2023-11-11T05:00:00Z,672
2023-11-11T06:00:00Z,888
2023-11-11T07:00:00Z,802
2023-11-11T08:00:00Z,918
2023-11-11T09:00:00Z,884
2023-11-11T10:00:00Z,832
2023-11-11T11:00:00Z,771
2023-11-11T12:00:00Z,1007
2023-11-11T13:00:00Z,929
2023-11-11T14:00:00Z,994
2023-11-11T15:00:00Z,941
2023-11-11T16:00:00Z,1116
2023-11-11T17:00:00Z,800
2023-11-11T18:00:00Z,981
2023-11-11T19:00:00Z,767
2023-11-11T20:00:00Z,902
2023-11-11T21:00:00Z,812
2023-11-11T22:00:00Z,789
2023-11-11T23:00:00Z,697
2023-11-12T00:00:00Z,3543
2023-11-12T01:00:00Z,1918
2023-11-12T02:00:00Z,1388
2023-11-12T03:00:00Z,850
2023-11-12T04:00:00Z,1047
2023-11-12T05:00:00Z,815
2023-11-12T06:00:00Z,900
2023-11-12T07:00:00Z,828
2023-11-12T08:00:00Z,1260
2023-11-12T09:00:00Z,1120
2023-11-12T10:00:00Z,1082
2023-11-12T11:00:00Z,938
2023-11-12T12:00:00Z,1293
2023-11-12T13:00:00Z,1106
2023-11-12T14:00:00Z,764
2023-11-12T15:00:00Z,1142
2023-11-12T16:00:00Z,1148
2023-11-12T17:00:00Z,693
2023-11-12T18:00:00Z,778
2023-11-12T19:00:00Z,684
2023-11-12T20:00:00Z,772
2023-11-12T21:00:00Z,709
2023-11-12T22:00:00Z,654
2023-11-12T23:00:00Z,548
2023-11-13T00:00:00Z,1610
2023-11-13T01:00:00Z,1061
2023-11-13T02:00:00Z,892
2023-11-13T03:00:00Z,1007
2023-11-13T04:00:00Z,896
2023-11-13T05:00:00Z,804
2023-11-13T06:00:00Z,978
2023-11-13T07:00:00Z,997
2023-11-13T08:00:00Z,1529
2023-11-13T09:00:00Z,1508
2023-11-13T10:00:00Z,1528
2023-11-13T11:00:00Z,1554
2023-11-13T12:00:00Z,1266
2023-11-13T13:00:00Z,1409
2023-11-13T14:00:00Z,1669
2023-11-13T15:00:00Z,1518
2023-11-13T16:00:00Z,1532
2023-11-13T17:00:00Z,1439
2023-11-13T18:00:00Z,1577
2023-11-13T19:00:00Z,1224
2023-11-13T20:00:00Z,988
2023-11-13T21:00:00Z,965
2023-11-13T22:00:00Z,703
2023-11-13T23:00:00Z,781
2023-11-14T00:00:00Z,703
2023-11-14T01:00:00Z,354
2023-11-14T02:00:00Z,489
2023-11-14T03:00:00Z,225
2023-11-14T04:00:00Z,79
2023-11-14T05:00:00Z,2
